2026-04-21 05:04:35,109 [INFO] ============================================================
2026-04-21 05:04:35,109 [INFO]   ACTUALIZACIÓN DIARIA DE DATOS — 2026-04-21 05:04 UTC
2026-04-21 05:04:35,109 [INFO] ============================================================
2026-04-21 05:04:35,109 [INFO] Leyendo CSV existente: datos/market_prices.csv
2026-04-21 05:04:35,221 [INFO] Tickers detectados: 34
2026-04-21 05:04:35,236 [INFO] Fecha hoy (CDMX): 2026-04-20
2026-04-21 05:04:35,236 [INFO]   [AC_MX] Ya está al día (2026-04-20) — omitido
2026-04-21 05:04:35,236 [INFO]   [ALPEKA_MX] Ya está al día (2026-04-20) — omitido
2026-04-21 05:04:35,236 [INFO]   [ALSEA_MX] Ya está al día (2026-04-20) — omitido
2026-04-21 05:04:35,237 [INFO]   [AMXB_MX] Ya está al día (2026-04-20) — omitido
2026-04-21 05:04:35,237 [INFO]   [ASURB_MX] Ya está al día (2026-04-20) — omitido
2026-04-21 05:04:35,237 [INFO]   [BBAJIOO_MX] Ya está al día (2026-04-20) — omitido
2026-04-21 05:04:35,237 [INFO]   [BIMBOA_MX] Ya está al día (2026-04-20) — omitido
2026-04-21 05:04:35,237 [INFO]   [BOLSAA_MX] Ya está al día (2026-04-20) — omitido
2026-04-21 05:04:35,237 [INFO]   [CEMEXCPO_MX] Ya está al día (2026-04-20) — omitido
2026-04-21 05:04:35,237 [INFO]   [CUERVO_MX] Ya está al día (2026-04-20) — omitido
2026-04-21 05:04:35,237 [INFO]   [ELEKTRA_MX] Descargando desde 2026-04-18 → ELEKTRA.MX
2026-04-21 05:04:35,470 [INFO]   [ELEKTRA_MX] +1 filas nuevas ✓
2026-04-21 05:04:36,271 [INFO]   [FEMSAUBD_MX] Ya está al día (2026-04-20) — omitido
2026-04-21 05:04:36,271 [INFO]   [GAPB_MX] Ya está al día (2026-04-20) — omitido
2026-04-21 05:04:36,271 [INFO]   [GCARSOA1_MX] Ya está al día (2026-04-20) — omitido
2026-04-21 05:04:36,271 [INFO]   [GCC_MX] Ya está al día (2026-04-20) — omitido
2026-04-21 05:04:36,271 [INFO]   [GFINBURO_MX] Ya está al día (2026-04-20) — omitido
2026-04-21 05:04:36,271 [INFO]   [GFNORTEO_MX] Ya está al día (2026-04-20) — omitido
2026-04-21 05:04:36,271 [INFO]   [GMEXICOB_MX] Ya está al día (2026-04-20) — omitido
2026-04-21 05:04:36,271 [INFO]   [GRUMAB_MX] Ya está al día (2026-04-20) — omitido
2026-04-21 05:04:36,271 [INFO]   [KIMBERA_MX] Ya está al día (2026-04-20) — omitido
2026-04-21 05:04:36,271 [INFO]   [KOFUBL_MX] Ya está al día (2026-04-20) — omitido
2026-04-21 05:04:36,271 [INFO]   [LABB_MX] Ya está al día (2026-04-20) — omitido
2026-04-21 05:04:36,271 [INFO]   [LIVEPOLC-1_MX] Ya está al día (2026-04-20) — omitido
2026-04-21 05:04:36,271 [INFO]   [MEGACPO_MX] Ya está al día (2026-04-20) — omitido
2026-04-21 05:04:36,271 [INFO]   [OMAB_MX] Ya está al día (2026-04-20) — omitido
2026-04-21 05:04:36,271 [INFO]   [ORBIA_MX] Ya está al día (2026-04-20) — omitido
2026-04-21 05:04:36,272 [INFO]   [PE&OLES_MX] Ya está al día (2026-04-20) — omitido
2026-04-21 05:04:36,272 [INFO]   [PINFRAL_MX] Ya está al día (2026-04-20) — omitido
2026-04-21 05:04:36,272 [INFO]   [Q_MX] Ya está al día (2026-04-20) — omitido
2026-04-21 05:04:36,272 [INFO]   [RA_MX] Ya está al día (2026-04-20) — omitido
2026-04-21 05:04:36,272 [INFO]   [TLEVISACPO_MX] Ya está al día (2026-04-20) — omitido
2026-04-21 05:04:36,272 [INFO]   [VESTA_MX] Ya está al día (2026-04-20) — omitido
2026-04-21 05:04:36,272 [INFO]   [VOLARA_MX] Ya está al día (2026-04-20) — omitido
2026-04-21 05:04:36,272 [INFO]   [WALMEX_MX] Ya está al día (2026-04-20) — omitido
2026-04-21 05:04:36,903 [INFO] 
✅ CSV actualizado: datos/market_prices.csv  (180,188 filas totales, +1 nuevas)
2026-04-21 05:04:36,904 [INFO] 
── Resumen ──────────────────────────────────────
2026-04-21 05:04:36,904 [INFO]   Tickers actualizados: 1
2026-04-21 05:04:36,904 [INFO]   Tickers sin cambios:  33
2026-04-21 05:04:36,904 [INFO]   Tickers con error:    0
2026-04-21 05:04:36,904 [INFO]   Filas nuevas totales: 1
2026-04-21 05:04:36,904 [INFO] ──────────────────────────────────────────────────
2026-04-21 13:38:38,658 [INFO] ============================================================
2026-04-21 13:38:38,659 [INFO]   ACTUALIZACIÓN DIARIA DE DATOS — 2026-04-21 13:38 UTC
2026-04-21 13:38:38,659 [INFO] ============================================================
2026-04-21 13:38:38,659 [INFO] Leyendo CSV existente: datos/market_prices.csv
2026-04-21 13:38:38,774 [INFO] Tickers detectados: 34
2026-04-21 13:38:38,784 [INFO] Fecha hoy (CDMX): 2026-04-21
2026-04-21 13:38:38,785 [INFO]   [AC_MX] Descargando desde 2026-04-21 → AC.MX
2026-04-21 13:38:39,276 [INFO]   [AC_MX] +1 filas nuevas ✓
2026-04-21 13:38:40,076 [INFO]   [ALPEKA_MX] Descargando desde 2026-04-21 → ALPEKA.MX
2026-04-21 13:38:40,308 [INFO]   [ALPEKA_MX] +1 filas nuevas ✓
2026-04-21 13:38:41,108 [INFO]   [ALSEA_MX] Descargando desde 2026-04-21 → ALSEA.MX
2026-04-21 13:38:41,245 [INFO]   [ALSEA_MX] +1 filas nuevas ✓
2026-04-21 13:38:42,045 [INFO]   [AMXB_MX] Descargando desde 2026-04-21 → AMXB.MX
2026-04-21 13:38:42,259 [INFO]   [AMXB_MX] +1 filas nuevas ✓
2026-04-21 13:38:43,060 [INFO]   [ASURB_MX] Descargando desde 2026-04-21 → ASURB.MX
2026-04-21 13:38:43,281 [INFO]   [ASURB_MX] +1 filas nuevas ✓
2026-04-21 13:38:44,082 [INFO]   [BBAJIOO_MX] Descargando desde 2026-04-21 → BBAJIOO.MX
2026-04-21 13:38:44,181 [INFO]   [BBAJIOO_MX] +1 filas nuevas ✓
2026-04-21 13:38:44,982 [INFO]   [BIMBOA_MX] Descargando desde 2026-04-21 → BIMBOA.MX
2026-04-21 13:38:45,310 [INFO]   [BIMBOA_MX] +1 filas nuevas ✓
2026-04-21 13:38:46,111 [INFO]   [BOLSAA_MX] Descargando desde 2026-04-21 → BOLSAA.MX
2026-04-21 13:38:46,214 [INFO]   [BOLSAA_MX] +1 filas nuevas ✓
2026-04-21 13:38:47,014 [INFO]   [CEMEXCPO_MX] Descargando desde 2026-04-21 → CEMEXCPO.MX
2026-04-21 13:38:47,262 [INFO]   [CEMEXCPO_MX] +1 filas nuevas ✓
2026-04-21 13:38:48,062 [INFO]   [CUERVO_MX] Descargando desde 2026-04-21 → CUERVO.MX
2026-04-21 13:38:48,215 [INFO]   [CUERVO_MX] +1 filas nuevas ✓
2026-04-21 13:38:49,015 [INFO]   [ELEKTRA_MX] Descargando desde 2026-04-21 → ELEKTRA.MX
2026-04-21 13:38:49,261 [ERROR] $ELEKTRA.MX: possibly delisted; no price data found  (1d 2026-04-21 -> 2026-04-21)
2026-04-21 13:38:49,261 [WARNING]   [ELEKTRA_MX] Sin datos nuevos
2026-04-21 13:38:50,062 [INFO]   [FEMSAUBD_MX] Descargando desde 2026-04-21 → FEMSAUBD.MX
2026-04-21 13:38:50,348 [INFO]   [FEMSAUBD_MX] +1 filas nuevas ✓
2026-04-21 13:38:51,148 [INFO]   [GAPB_MX] Descargando desde 2026-04-21 → GAPB.MX
2026-04-21 13:38:51,776 [INFO]   [GAPB_MX] +1 filas nuevas ✓
2026-04-21 13:38:52,576 [INFO]   [GCARSOA1_MX] Descargando desde 2026-04-21 → GCARSOA1.MX
2026-04-21 13:38:52,706 [INFO]   [GCARSOA1_MX] +1 filas nuevas ✓
2026-04-21 13:38:53,507 [INFO]   [GCC_MX] Descargando desde 2026-04-21 → GCC.MX
2026-04-21 13:38:53,843 [INFO]   [GCC_MX] +1 filas nuevas ✓
2026-04-21 13:38:54,643 [INFO]   [GFINBURO_MX] Descargando desde 2026-04-21 → GFINBURO.MX
2026-04-21 13:38:54,912 [INFO]   [GFINBURO_MX] +1 filas nuevas ✓
2026-04-21 13:38:55,713 [INFO]   [GFNORTEO_MX] Descargando desde 2026-04-21 → GFNORTEO.MX
2026-04-21 13:38:55,930 [INFO]   [GFNORTEO_MX] +1 filas nuevas ✓
2026-04-21 13:38:56,730 [INFO]   [GMEXICOB_MX] Descargando desde 2026-04-21 → GMEXICOB.MX
2026-04-21 13:38:56,861 [INFO]   [GMEXICOB_MX] +1 filas nuevas ✓
2026-04-21 13:38:57,661 [INFO]   [GRUMAB_MX] Descargando desde 2026-04-21 → GRUMAB.MX
2026-04-21 13:38:57,899 [INFO]   [GRUMAB_MX] +1 filas nuevas ✓
2026-04-21 13:38:58,700 [INFO]   [KIMBERA_MX] Descargando desde 2026-04-21 → KIMBERA.MX
2026-04-21 13:38:58,838 [INFO]   [KIMBERA_MX] +1 filas nuevas ✓
2026-04-21 13:38:59,639 [INFO]   [KOFUBL_MX] Descargando desde 2026-04-21 → KOFUBL.MX
2026-04-21 13:38:59,802 [INFO]   [KOFUBL_MX] +1 filas nuevas ✓
2026-04-21 13:39:00,603 [INFO]   [LABB_MX] Descargando desde 2026-04-21 → LABB.MX
2026-04-21 13:39:00,803 [INFO]   [LABB_MX] +1 filas nuevas ✓
2026-04-21 13:39:01,604 [INFO]   [LIVEPOLC-1_MX] Descargando desde 2026-04-21 → LIVEPOLC-1.MX
2026-04-21 13:39:01,908 [INFO]   [LIVEPOLC-1_MX] +1 filas nuevas ✓
2026-04-21 13:39:02,709 [INFO]   [MEGACPO_MX] Descargando desde 2026-04-21 → MEGACPO.MX
2026-04-21 13:39:02,808 [INFO]   [MEGACPO_MX] +1 filas nuevas ✓
2026-04-21 13:39:03,608 [INFO]   [OMAB_MX] Descargando desde 2026-04-21 → OMAB.MX
2026-04-21 13:39:03,864 [INFO]   [OMAB_MX] +1 filas nuevas ✓
2026-04-21 13:39:04,664 [INFO]   [ORBIA_MX] Descargando desde 2026-04-21 → ORBIA.MX
2026-04-21 13:39:04,960 [INFO]   [ORBIA_MX] +1 filas nuevas ✓
2026-04-21 13:39:05,761 [INFO]   [PE&OLES_MX] Descargando desde 2026-04-21 → PE&OLES.MX
2026-04-21 13:39:05,978 [INFO]   [PE&OLES_MX] +1 filas nuevas ✓
2026-04-21 13:39:06,779 [INFO]   [PINFRAL_MX] Descargando desde 2026-04-21 → PINFRAL.MX
2026-04-21 13:39:06,967 [INFO]   [PINFRAL_MX] +1 filas nuevas ✓
2026-04-21 13:39:07,768 [INFO]   [Q_MX] Descargando desde 2026-04-21 → Q.MX
2026-04-21 13:39:07,975 [INFO]   [Q_MX] +1 filas nuevas ✓
2026-04-21 13:39:08,776 [INFO]   [RA_MX] Descargando desde 2026-04-21 → RA.MX
2026-04-21 13:39:08,972 [INFO]   [RA_MX] +1 filas nuevas ✓
2026-04-21 13:39:09,773 [INFO]   [TLEVISACPO_MX] Descargando desde 2026-04-21 → TLEVISACPO.MX
2026-04-21 13:39:09,992 [INFO]   [TLEVISACPO_MX] +1 filas nuevas ✓
2026-04-21 13:39:10,793 [INFO]   [VESTA_MX] Descargando desde 2026-04-21 → VESTA.MX
2026-04-21 13:39:11,135 [INFO]   [VESTA_MX] +1 filas nuevas ✓
2026-04-21 13:39:11,936 [INFO]   [VOLARA_MX] Descargando desde 2026-04-21 → VOLARA.MX
2026-04-21 13:39:12,122 [INFO]   [VOLARA_MX] +1 filas nuevas ✓
2026-04-21 13:39:12,922 [INFO]   [WALMEX_MX] Descargando desde 2026-04-21 → WALMEX.MX
2026-04-21 13:39:13,081 [INFO]   [WALMEX_MX] +1 filas nuevas ✓
2026-04-21 13:39:14,493 [INFO] 
✅ CSV actualizado: datos/market_prices.csv  (180,188 filas totales, +33 nuevas)
2026-04-21 13:39:14,494 [INFO] 
── Resumen ──────────────────────────────────────
2026-04-21 13:39:14,494 [INFO]   Tickers actualizados: 33
2026-04-21 13:39:14,494 [INFO]   Tickers sin cambios:  0
2026-04-21 13:39:14,494 [INFO]   Tickers con error:    1
2026-04-21 13:39:14,494 [INFO]   Filas nuevas totales: 33
2026-04-21 13:39:14,494 [INFO] ──────────────────────────────────────────────────
2026-04-22 13:38:03,651 [INFO] ============================================================
2026-04-22 13:38:03,651 [INFO]   ACTUALIZACIÓN DIARIA DE DATOS — 2026-04-22 13:38 UTC
2026-04-22 13:38:03,651 [INFO] ============================================================
2026-04-22 13:38:03,652 [INFO] Leyendo CSV existente: datos/market_prices.csv
2026-04-22 13:38:03,789 [INFO] Tickers detectados: 34
2026-04-22 13:38:03,800 [INFO] Fecha hoy (CDMX): 2026-04-22
2026-04-22 13:38:03,801 [INFO]   [AC_MX] Descargando desde 2026-04-21 → AC.MX
2026-04-22 13:38:04,585 [INFO]   [AC_MX] +1 filas nuevas ✓
2026-04-22 13:38:05,386 [INFO]   [ALPEKA_MX] Descargando desde 2026-04-21 → ALPEKA.MX
2026-04-22 13:38:05,716 [INFO]   [ALPEKA_MX] +1 filas nuevas ✓
2026-04-22 13:38:06,517 [INFO]   [ALSEA_MX] Descargando desde 2026-04-21 → ALSEA.MX
2026-04-22 13:38:06,783 [INFO]   [ALSEA_MX] +1 filas nuevas ✓
2026-04-22 13:38:07,583 [INFO]   [AMXB_MX] Descargando desde 2026-04-21 → AMXB.MX
2026-04-22 13:38:07,889 [INFO]   [AMXB_MX] +1 filas nuevas ✓
2026-04-22 13:38:08,690 [INFO]   [ASURB_MX] Descargando desde 2026-04-21 → ASURB.MX
2026-04-22 13:38:08,991 [INFO]   [ASURB_MX] +1 filas nuevas ✓
2026-04-22 13:38:09,792 [INFO]   [BBAJIOO_MX] Descargando desde 2026-04-21 → BBAJIOO.MX
2026-04-22 13:38:10,092 [INFO]   [BBAJIOO_MX] +1 filas nuevas ✓
2026-04-22 13:38:10,893 [INFO]   [BIMBOA_MX] Descargando desde 2026-04-21 → BIMBOA.MX
2026-04-22 13:38:11,159 [INFO]   [BIMBOA_MX] +1 filas nuevas ✓
2026-04-22 13:38:11,959 [INFO]   [BOLSAA_MX] Descargando desde 2026-04-21 → BOLSAA.MX
2026-04-22 13:38:12,230 [INFO]   [BOLSAA_MX] +1 filas nuevas ✓
2026-04-22 13:38:13,030 [INFO]   [CEMEXCPO_MX] Descargando desde 2026-04-21 → CEMEXCPO.MX
2026-04-22 13:38:13,376 [INFO]   [CEMEXCPO_MX] +1 filas nuevas ✓
2026-04-22 13:38:14,177 [INFO]   [CUERVO_MX] Descargando desde 2026-04-21 → CUERVO.MX
2026-04-22 13:38:14,387 [INFO]   [CUERVO_MX] +1 filas nuevas ✓
2026-04-22 13:38:15,187 [INFO]   [ELEKTRA_MX] Descargando desde 2026-04-21 → ELEKTRA.MX
2026-04-22 13:38:15,538 [INFO]   [ELEKTRA_MX] +1 filas nuevas ✓
2026-04-22 13:38:16,339 [INFO]   [FEMSAUBD_MX] Descargando desde 2026-04-21 → FEMSAUBD.MX
2026-04-22 13:38:16,637 [INFO]   [FEMSAUBD_MX] +1 filas nuevas ✓
2026-04-22 13:38:17,437 [INFO]   [GAPB_MX] Descargando desde 2026-04-21 → GAPB.MX
2026-04-22 13:38:17,725 [INFO]   [GAPB_MX] +1 filas nuevas ✓
2026-04-22 13:38:18,525 [INFO]   [GCARSOA1_MX] Descargando desde 2026-04-21 → GCARSOA1.MX
2026-04-22 13:38:18,776 [INFO]   [GCARSOA1_MX] +1 filas nuevas ✓
2026-04-22 13:38:19,576 [INFO]   [GCC_MX] Descargando desde 2026-04-21 → GCC.MX
2026-04-22 13:38:19,925 [INFO]   [GCC_MX] +1 filas nuevas ✓
2026-04-22 13:38:20,726 [INFO]   [GFINBURO_MX] Descargando desde 2026-04-21 → GFINBURO.MX
2026-04-22 13:38:21,041 [INFO]   [GFINBURO_MX] +1 filas nuevas ✓
2026-04-22 13:38:21,841 [INFO]   [GFNORTEO_MX] Descargando desde 2026-04-21 → GFNORTEO.MX
2026-04-22 13:38:22,169 [INFO]   [GFNORTEO_MX] +1 filas nuevas ✓
2026-04-22 13:38:22,970 [INFO]   [GMEXICOB_MX] Descargando desde 2026-04-21 → GMEXICOB.MX
2026-04-22 13:38:23,252 [INFO]   [GMEXICOB_MX] +1 filas nuevas ✓
2026-04-22 13:38:24,052 [INFO]   [GRUMAB_MX] Descargando desde 2026-04-21 → GRUMAB.MX
2026-04-22 13:38:24,270 [INFO]   [GRUMAB_MX] +1 filas nuevas ✓
2026-04-22 13:38:25,071 [INFO]   [KIMBERA_MX] Descargando desde 2026-04-21 → KIMBERA.MX
2026-04-22 13:38:25,387 [INFO]   [KIMBERA_MX] +1 filas nuevas ✓
2026-04-22 13:38:26,187 [INFO]   [KOFUBL_MX] Descargando desde 2026-04-21 → KOFUBL.MX
2026-04-22 13:38:26,399 [INFO]   [KOFUBL_MX] +1 filas nuevas ✓
2026-04-22 13:38:27,200 [INFO]   [LABB_MX] Descargando desde 2026-04-21 → LABB.MX
2026-04-22 13:38:27,466 [INFO]   [LABB_MX] +1 filas nuevas ✓
2026-04-22 13:38:28,266 [INFO]   [LIVEPOLC-1_MX] Descargando desde 2026-04-21 → LIVEPOLC-1.MX
2026-04-22 13:38:28,506 [INFO]   [LIVEPOLC-1_MX] +1 filas nuevas ✓
2026-04-22 13:38:29,307 [INFO]   [MEGACPO_MX] Descargando desde 2026-04-21 → MEGACPO.MX
2026-04-22 13:38:30,150 [INFO]   [MEGACPO_MX] +1 filas nuevas ✓
2026-04-22 13:38:30,950 [INFO]   [OMAB_MX] Descargando desde 2026-04-21 → OMAB.MX
2026-04-22 13:38:31,243 [INFO]   [OMAB_MX] +1 filas nuevas ✓
2026-04-22 13:38:32,043 [INFO]   [ORBIA_MX] Descargando desde 2026-04-21 → ORBIA.MX
2026-04-22 13:38:32,322 [INFO]   [ORBIA_MX] +1 filas nuevas ✓
2026-04-22 13:38:33,122 [INFO]   [PE&OLES_MX] Descargando desde 2026-04-21 → PE&OLES.MX
2026-04-22 13:38:33,419 [INFO]   [PE&OLES_MX] +1 filas nuevas ✓
2026-04-22 13:38:34,219 [INFO]   [PINFRAL_MX] Descargando desde 2026-04-21 → PINFRAL.MX
2026-04-22 13:38:34,485 [INFO]   [PINFRAL_MX] +1 filas nuevas ✓
2026-04-22 13:38:35,285 [INFO]   [Q_MX] Descargando desde 2026-04-21 → Q.MX
2026-04-22 13:38:35,579 [INFO]   [Q_MX] +1 filas nuevas ✓
2026-04-22 13:38:36,379 [INFO]   [RA_MX] Descargando desde 2026-04-21 → RA.MX
2026-04-22 13:38:36,670 [INFO]   [RA_MX] +1 filas nuevas ✓
2026-04-22 13:38:37,471 [INFO]   [TLEVISACPO_MX] Descargando desde 2026-04-21 → TLEVISACPO.MX
2026-04-22 13:38:37,729 [INFO]   [TLEVISACPO_MX] +1 filas nuevas ✓
2026-04-22 13:38:38,530 [INFO]   [VESTA_MX] Descargando desde 2026-04-21 → VESTA.MX
2026-04-22 13:38:38,779 [INFO]   [VESTA_MX] +1 filas nuevas ✓
2026-04-22 13:38:39,580 [INFO]   [VOLARA_MX] Descargando desde 2026-04-21 → VOLARA.MX
2026-04-22 13:38:39,986 [INFO]   [VOLARA_MX] +1 filas nuevas ✓
2026-04-22 13:38:40,786 [INFO]   [WALMEX_MX] Descargando desde 2026-04-21 → WALMEX.MX
2026-04-22 13:38:41,029 [INFO]   [WALMEX_MX] +1 filas nuevas ✓
2026-04-22 13:38:42,627 [INFO] 
✅ CSV actualizado: datos/market_prices.csv  (180,222 filas totales, +34 nuevas)
2026-04-22 13:38:42,629 [INFO] 
── Resumen ──────────────────────────────────────
2026-04-22 13:38:42,630 [INFO]   Tickers actualizados: 34
2026-04-22 13:38:42,630 [INFO]   Tickers sin cambios:  0
2026-04-22 13:38:42,630 [INFO]   Tickers con error:    0
2026-04-22 13:38:42,630 [INFO]   Filas nuevas totales: 34
2026-04-22 13:38:42,630 [INFO] ──────────────────────────────────────────────────
2026-04-23 13:38:14,013 [INFO] ============================================================
2026-04-23 13:38:14,014 [INFO]   ACTUALIZACIÓN DIARIA DE DATOS — 2026-04-23 13:38 UTC
2026-04-23 13:38:14,014 [INFO] ============================================================
2026-04-23 13:38:14,014 [INFO] Leyendo CSV existente: datos/market_prices.csv
2026-04-23 13:38:14,161 [INFO] Tickers detectados: 34
2026-04-23 13:38:14,208 [INFO] Fecha hoy (CDMX): 2026-04-23
2026-04-23 13:38:14,208 [INFO]   [AC_MX] Descargando desde 2026-04-22 → AC.MX
2026-04-23 13:38:14,612 [INFO]   [AC_MX] +1 filas nuevas ✓
2026-04-23 13:38:15,412 [INFO]   [ALPEKA_MX] Descargando desde 2026-04-22 → ALPEKA.MX
2026-04-23 13:38:15,545 [INFO]   [ALPEKA_MX] +1 filas nuevas ✓
2026-04-23 13:38:16,346 [INFO]   [ALSEA_MX] Descargando desde 2026-04-22 → ALSEA.MX
2026-04-23 13:38:16,488 [INFO]   [ALSEA_MX] +1 filas nuevas ✓
2026-04-23 13:38:17,288 [INFO]   [AMXB_MX] Descargando desde 2026-04-22 → AMXB.MX
2026-04-23 13:38:17,447 [INFO]   [AMXB_MX] +1 filas nuevas ✓
2026-04-23 13:38:18,247 [INFO]   [ASURB_MX] Descargando desde 2026-04-22 → ASURB.MX
2026-04-23 13:38:18,405 [INFO]   [ASURB_MX] +1 filas nuevas ✓
2026-04-23 13:38:19,206 [INFO]   [BBAJIOO_MX] Descargando desde 2026-04-22 → BBAJIOO.MX
2026-04-23 13:38:19,313 [INFO]   [BBAJIOO_MX] +1 filas nuevas ✓
2026-04-23 13:38:20,114 [INFO]   [BIMBOA_MX] Descargando desde 2026-04-22 → BIMBOA.MX
2026-04-23 13:38:20,288 [INFO]   [BIMBOA_MX] +1 filas nuevas ✓
2026-04-23 13:38:21,089 [INFO]   [BOLSAA_MX] Descargando desde 2026-04-22 → BOLSAA.MX
2026-04-23 13:38:21,214 [INFO]   [BOLSAA_MX] +1 filas nuevas ✓
2026-04-23 13:38:22,014 [INFO]   [CEMEXCPO_MX] Descargando desde 2026-04-22 → CEMEXCPO.MX
2026-04-23 13:38:22,223 [INFO]   [CEMEXCPO_MX] +1 filas nuevas ✓
2026-04-23 13:38:23,023 [INFO]   [CUERVO_MX] Descargando desde 2026-04-22 → CUERVO.MX
2026-04-23 13:38:23,134 [INFO]   [CUERVO_MX] +1 filas nuevas ✓
2026-04-23 13:38:23,934 [INFO]   [ELEKTRA_MX] Descargando desde 2026-04-22 → ELEKTRA.MX
2026-04-23 13:38:24,072 [ERROR] $ELEKTRA.MX: possibly delisted; no price data found  (1d 2026-04-22 -> 2026-04-23)
2026-04-23 13:38:24,073 [WARNING]   [ELEKTRA_MX] Sin datos nuevos
2026-04-23 13:38:24,873 [INFO]   [FEMSAUBD_MX] Descargando desde 2026-04-22 → FEMSAUBD.MX
2026-04-23 13:38:25,046 [INFO]   [FEMSAUBD_MX] +1 filas nuevas ✓
2026-04-23 13:38:25,846 [INFO]   [GAPB_MX] Descargando desde 2026-04-22 → GAPB.MX
2026-04-23 13:38:25,986 [INFO]   [GAPB_MX] +1 filas nuevas ✓
2026-04-23 13:38:26,787 [INFO]   [GCARSOA1_MX] Descargando desde 2026-04-22 → GCARSOA1.MX
2026-04-23 13:38:26,947 [INFO]   [GCARSOA1_MX] +1 filas nuevas ✓
2026-04-23 13:38:27,747 [INFO]   [GCC_MX] Descargando desde 2026-04-22 → GCC.MX
2026-04-23 13:38:27,967 [INFO]   [GCC_MX] +1 filas nuevas ✓
2026-04-23 13:38:28,767 [INFO]   [GFINBURO_MX] Descargando desde 2026-04-22 → GFINBURO.MX
2026-04-23 13:38:28,923 [INFO]   [GFINBURO_MX] +1 filas nuevas ✓
2026-04-23 13:38:29,724 [INFO]   [GFNORTEO_MX] Descargando desde 2026-04-22 → GFNORTEO.MX
2026-04-23 13:38:29,893 [INFO]   [GFNORTEO_MX] +1 filas nuevas ✓
2026-04-23 13:38:30,693 [INFO]   [GMEXICOB_MX] Descargando desde 2026-04-22 → GMEXICOB.MX
2026-04-23 13:38:30,853 [INFO]   [GMEXICOB_MX] +1 filas nuevas ✓
2026-04-23 13:38:31,653 [INFO]   [GRUMAB_MX] Descargando desde 2026-04-22 → GRUMAB.MX
2026-04-23 13:38:31,807 [INFO]   [GRUMAB_MX] +1 filas nuevas ✓
2026-04-23 13:38:32,607 [INFO]   [KIMBERA_MX] Descargando desde 2026-04-22 → KIMBERA.MX
2026-04-23 13:38:32,771 [INFO]   [KIMBERA_MX] +1 filas nuevas ✓
2026-04-23 13:38:33,571 [INFO]   [KOFUBL_MX] Descargando desde 2026-04-22 → KOFUBL.MX
2026-04-23 13:38:33,686 [INFO]   [KOFUBL_MX] +1 filas nuevas ✓
2026-04-23 13:38:34,486 [INFO]   [LABB_MX] Descargando desde 2026-04-22 → LABB.MX
2026-04-23 13:38:34,603 [INFO]   [LABB_MX] +1 filas nuevas ✓
2026-04-23 13:38:35,403 [INFO]   [LIVEPOLC-1_MX] Descargando desde 2026-04-22 → LIVEPOLC-1.MX
2026-04-23 13:38:35,556 [INFO]   [LIVEPOLC-1_MX] +1 filas nuevas ✓
2026-04-23 13:38:36,356 [INFO]   [MEGACPO_MX] Descargando desde 2026-04-22 → MEGACPO.MX
2026-04-23 13:38:36,541 [INFO]   [MEGACPO_MX] +1 filas nuevas ✓
2026-04-23 13:38:37,342 [INFO]   [OMAB_MX] Descargando desde 2026-04-22 → OMAB.MX
2026-04-23 13:38:37,492 [INFO]   [OMAB_MX] +1 filas nuevas ✓
2026-04-23 13:38:38,293 [INFO]   [ORBIA_MX] Descargando desde 2026-04-22 → ORBIA.MX
2026-04-23 13:38:38,457 [INFO]   [ORBIA_MX] +1 filas nuevas ✓
2026-04-23 13:38:39,258 [INFO]   [PE&OLES_MX] Descargando desde 2026-04-22 → PE&OLES.MX
2026-04-23 13:38:39,405 [INFO]   [PE&OLES_MX] +1 filas nuevas ✓
2026-04-23 13:38:40,205 [INFO]   [PINFRAL_MX] Descargando desde 2026-04-22 → PINFRAL.MX
2026-04-23 13:38:40,320 [INFO]   [PINFRAL_MX] +1 filas nuevas ✓
2026-04-23 13:38:41,121 [INFO]   [Q_MX] Descargando desde 2026-04-22 → Q.MX
2026-04-23 13:38:41,242 [INFO]   [Q_MX] +1 filas nuevas ✓
2026-04-23 13:38:42,043 [INFO]   [RA_MX] Descargando desde 2026-04-22 → RA.MX
2026-04-23 13:38:42,175 [INFO]   [RA_MX] +1 filas nuevas ✓
2026-04-23 13:38:42,975 [INFO]   [TLEVISACPO_MX] Descargando desde 2026-04-22 → TLEVISACPO.MX
2026-04-23 13:38:43,363 [INFO]   [TLEVISACPO_MX] +1 filas nuevas ✓
2026-04-23 13:38:44,164 [INFO]   [VESTA_MX] Descargando desde 2026-04-22 → VESTA.MX
2026-04-23 13:38:44,301 [INFO]   [VESTA_MX] +1 filas nuevas ✓
2026-04-23 13:38:45,101 [INFO]   [VOLARA_MX] Descargando desde 2026-04-22 → VOLARA.MX
2026-04-23 13:38:45,195 [INFO]   [VOLARA_MX] +1 filas nuevas ✓
2026-04-23 13:38:45,995 [INFO]   [WALMEX_MX] Descargando desde 2026-04-22 → WALMEX.MX
2026-04-23 13:38:46,141 [INFO]   [WALMEX_MX] +1 filas nuevas ✓
2026-04-23 13:38:47,721 [INFO] 
✅ CSV actualizado: datos/market_prices.csv  (180,255 filas totales, +33 nuevas)
2026-04-23 13:38:47,722 [INFO] 
── Resumen ──────────────────────────────────────
2026-04-23 13:38:47,722 [INFO]   Tickers actualizados: 33
2026-04-23 13:38:47,722 [INFO]   Tickers sin cambios:  0
2026-04-23 13:38:47,722 [INFO]   Tickers con error:    1
2026-04-23 13:38:47,722 [INFO]   Filas nuevas totales: 33
2026-04-23 13:38:47,723 [INFO] ──────────────────────────────────────────────────
2026-04-24 13:37:18,614 [INFO] ============================================================
2026-04-24 13:37:18,614 [INFO]   ACTUALIZACIÓN DIARIA DE DATOS — 2026-04-24 13:37 UTC
2026-04-24 13:37:18,615 [INFO] ============================================================
2026-04-24 13:37:18,615 [INFO] Leyendo CSV existente: datos/market_prices.csv
2026-04-24 13:37:18,764 [INFO] Tickers detectados: 34
2026-04-24 13:37:18,782 [INFO] Fecha hoy (CDMX): 2026-04-24
2026-04-24 13:37:18,782 [INFO]   [AC_MX] Descargando desde 2026-04-23 → AC.MX
2026-04-24 13:37:19,267 [INFO]   [AC_MX] +1 filas nuevas ✓
2026-04-24 13:37:20,067 [INFO]   [ALPEKA_MX] Descargando desde 2026-04-23 → ALPEKA.MX
2026-04-24 13:37:20,214 [INFO]   [ALPEKA_MX] +1 filas nuevas ✓
2026-04-24 13:37:21,014 [INFO]   [ALSEA_MX] Descargando desde 2026-04-23 → ALSEA.MX
2026-04-24 13:37:21,182 [INFO]   [ALSEA_MX] +1 filas nuevas ✓
2026-04-24 13:37:21,983 [INFO]   [AMXB_MX] Descargando desde 2026-04-23 → AMXB.MX
2026-04-24 13:37:22,208 [INFO]   [AMXB_MX] +1 filas nuevas ✓
2026-04-24 13:37:23,008 [INFO]   [ASURB_MX] Descargando desde 2026-04-23 → ASURB.MX
2026-04-24 13:37:23,187 [INFO]   [ASURB_MX] +1 filas nuevas ✓
2026-04-24 13:37:23,987 [INFO]   [BBAJIOO_MX] Descargando desde 2026-04-23 → BBAJIOO.MX
2026-04-24 13:37:24,097 [INFO]   [BBAJIOO_MX] +1 filas nuevas ✓
2026-04-24 13:37:24,898 [INFO]   [BIMBOA_MX] Descargando desde 2026-04-23 → BIMBOA.MX
2026-04-24 13:37:25,059 [INFO]   [BIMBOA_MX] +1 filas nuevas ✓
2026-04-24 13:37:25,859 [INFO]   [BOLSAA_MX] Descargando desde 2026-04-23 → BOLSAA.MX
2026-04-24 13:37:26,007 [INFO]   [BOLSAA_MX] +1 filas nuevas ✓
2026-04-24 13:37:26,807 [INFO]   [CEMEXCPO_MX] Descargando desde 2026-04-23 → CEMEXCPO.MX
2026-04-24 13:37:26,988 [INFO]   [CEMEXCPO_MX] +1 filas nuevas ✓
2026-04-24 13:37:27,788 [INFO]   [CUERVO_MX] Descargando desde 2026-04-23 → CUERVO.MX
2026-04-24 13:37:27,944 [INFO]   [CUERVO_MX] +1 filas nuevas ✓
2026-04-24 13:37:28,745 [INFO]   [ELEKTRA_MX] Descargando desde 2026-04-22 → ELEKTRA.MX
2026-04-24 13:37:28,876 [INFO]   [ELEKTRA_MX] +1 filas nuevas ✓
2026-04-24 13:37:29,676 [INFO]   [FEMSAUBD_MX] Descargando desde 2026-04-23 → FEMSAUBD.MX
2026-04-24 13:37:29,835 [INFO]   [FEMSAUBD_MX] +1 filas nuevas ✓
2026-04-24 13:37:30,635 [INFO]   [GAPB_MX] Descargando desde 2026-04-23 → GAPB.MX
2026-04-24 13:37:30,816 [INFO]   [GAPB_MX] +1 filas nuevas ✓
2026-04-24 13:37:31,616 [INFO]   [GCARSOA1_MX] Descargando desde 2026-04-23 → GCARSOA1.MX
2026-04-24 13:37:31,796 [INFO]   [GCARSOA1_MX] +1 filas nuevas ✓
2026-04-24 13:37:32,597 [INFO]   [GCC_MX] Descargando desde 2026-04-23 → GCC.MX
2026-04-24 13:37:33,318 [INFO]   [GCC_MX] +1 filas nuevas ✓
2026-04-24 13:37:34,118 [INFO]   [GFINBURO_MX] Descargando desde 2026-04-23 → GFINBURO.MX
2026-04-24 13:37:34,258 [INFO]   [GFINBURO_MX] +1 filas nuevas ✓
2026-04-24 13:37:35,059 [INFO]   [GFNORTEO_MX] Descargando desde 2026-04-23 → GFNORTEO.MX
2026-04-24 13:37:35,230 [INFO]   [GFNORTEO_MX] +1 filas nuevas ✓
2026-04-24 13:37:36,030 [INFO]   [GMEXICOB_MX] Descargando desde 2026-04-23 → GMEXICOB.MX
2026-04-24 13:37:36,171 [INFO]   [GMEXICOB_MX] +1 filas nuevas ✓
2026-04-24 13:37:36,972 [INFO]   [GRUMAB_MX] Descargando desde 2026-04-23 → GRUMAB.MX
2026-04-24 13:37:37,114 [INFO]   [GRUMAB_MX] +1 filas nuevas ✓
2026-04-24 13:37:37,915 [INFO]   [KIMBERA_MX] Descargando desde 2026-04-23 → KIMBERA.MX
2026-04-24 13:37:38,108 [INFO]   [KIMBERA_MX] +1 filas nuevas ✓
2026-04-24 13:37:38,909 [INFO]   [KOFUBL_MX] Descargando desde 2026-04-23 → KOFUBL.MX
2026-04-24 13:37:39,006 [INFO]   [KOFUBL_MX] +1 filas nuevas ✓
2026-04-24 13:37:39,806 [INFO]   [LABB_MX] Descargando desde 2026-04-23 → LABB.MX
2026-04-24 13:37:39,941 [INFO]   [LABB_MX] +1 filas nuevas ✓
2026-04-24 13:37:40,742 [INFO]   [LIVEPOLC-1_MX] Descargando desde 2026-04-23 → LIVEPOLC-1.MX
2026-04-24 13:37:40,928 [INFO]   [LIVEPOLC-1_MX] +1 filas nuevas ✓
2026-04-24 13:37:41,729 [INFO]   [MEGACPO_MX] Descargando desde 2026-04-23 → MEGACPO.MX
2026-04-24 13:37:42,069 [INFO]   [MEGACPO_MX] +1 filas nuevas ✓
2026-04-24 13:37:42,869 [INFO]   [OMAB_MX] Descargando desde 2026-04-23 → OMAB.MX
2026-04-24 13:37:43,017 [INFO]   [OMAB_MX] +1 filas nuevas ✓
2026-04-24 13:37:43,817 [INFO]   [ORBIA_MX] Descargando desde 2026-04-23 → ORBIA.MX
2026-04-24 13:37:43,955 [INFO]   [ORBIA_MX] +1 filas nuevas ✓
2026-04-24 13:37:44,755 [INFO]   [PE&OLES_MX] Descargando desde 2026-04-23 → PE&OLES.MX
2026-04-24 13:37:44,962 [INFO]   [PE&OLES_MX] +1 filas nuevas ✓
2026-04-24 13:37:45,762 [INFO]   [PINFRAL_MX] Descargando desde 2026-04-23 → PINFRAL.MX
2026-04-24 13:37:45,941 [INFO]   [PINFRAL_MX] +1 filas nuevas ✓
2026-04-24 13:37:46,741 [INFO]   [Q_MX] Descargando desde 2026-04-23 → Q.MX
2026-04-24 13:37:46,883 [INFO]   [Q_MX] +1 filas nuevas ✓
2026-04-24 13:37:47,683 [INFO]   [RA_MX] Descargando desde 2026-04-23 → RA.MX
2026-04-24 13:37:47,795 [INFO]   [RA_MX] +1 filas nuevas ✓
2026-04-24 13:37:48,596 [INFO]   [TLEVISACPO_MX] Descargando desde 2026-04-23 → TLEVISACPO.MX
2026-04-24 13:37:48,788 [INFO]   [TLEVISACPO_MX] +1 filas nuevas ✓
2026-04-24 13:37:49,589 [INFO]   [VESTA_MX] Descargando desde 2026-04-23 → VESTA.MX
2026-04-24 13:37:49,718 [INFO]   [VESTA_MX] +1 filas nuevas ✓
2026-04-24 13:37:50,518 [INFO]   [VOLARA_MX] Descargando desde 2026-04-23 → VOLARA.MX
2026-04-24 13:37:50,636 [INFO]   [VOLARA_MX] +1 filas nuevas ✓
2026-04-24 13:37:51,436 [INFO]   [WALMEX_MX] Descargando desde 2026-04-23 → WALMEX.MX
2026-04-24 13:37:51,607 [INFO]   [WALMEX_MX] +1 filas nuevas ✓
2026-04-24 13:37:53,174 [INFO] 
✅ CSV actualizado: datos/market_prices.csv  (180,289 filas totales, +34 nuevas)
2026-04-24 13:37:53,175 [INFO] 
── Resumen ──────────────────────────────────────
2026-04-24 13:37:53,175 [INFO]   Tickers actualizados: 34
2026-04-24 13:37:53,176 [INFO]   Tickers sin cambios:  0
2026-04-24 13:37:53,176 [INFO]   Tickers con error:    0
2026-04-24 13:37:53,176 [INFO]   Filas nuevas totales: 34
2026-04-24 13:37:53,176 [INFO] ──────────────────────────────────────────────────
2026-04-27 13:39:09,674 [INFO] ============================================================
2026-04-27 13:39:09,674 [INFO]   ACTUALIZACIÓN DIARIA DE DATOS — 2026-04-27 13:39 UTC
2026-04-27 13:39:09,674 [INFO] ============================================================
2026-04-27 13:39:09,674 [INFO] Leyendo CSV existente: datos/market_prices.csv
2026-04-27 13:39:09,826 [INFO] Tickers detectados: 34
2026-04-27 13:39:09,844 [INFO] Fecha hoy (CDMX): 2026-04-27
2026-04-27 13:39:09,844 [INFO]   [AC_MX] Descargando desde 2026-04-24 → AC.MX
2026-04-27 13:39:10,264 [INFO]   [AC_MX] +1 filas nuevas ✓
2026-04-27 13:39:11,064 [INFO]   [ALPEKA_MX] Descargando desde 2026-04-24 → ALPEKA.MX
2026-04-27 13:39:11,184 [INFO]   [ALPEKA_MX] +1 filas nuevas ✓
2026-04-27 13:39:11,985 [INFO]   [ALSEA_MX] Descargando desde 2026-04-24 → ALSEA.MX
2026-04-27 13:39:12,128 [INFO]   [ALSEA_MX] +1 filas nuevas ✓
2026-04-27 13:39:12,929 [INFO]   [AMXB_MX] Descargando desde 2026-04-24 → AMXB.MX
2026-04-27 13:39:13,087 [INFO]   [AMXB_MX] +1 filas nuevas ✓
2026-04-27 13:39:13,887 [INFO]   [ASURB_MX] Descargando desde 2026-04-24 → ASURB.MX
2026-04-27 13:39:14,042 [INFO]   [ASURB_MX] +1 filas nuevas ✓
2026-04-27 13:39:14,842 [INFO]   [BBAJIOO_MX] Descargando desde 2026-04-24 → BBAJIOO.MX
2026-04-27 13:39:14,948 [INFO]   [BBAJIOO_MX] +1 filas nuevas ✓
2026-04-27 13:39:15,749 [INFO]   [BIMBOA_MX] Descargando desde 2026-04-24 → BIMBOA.MX
2026-04-27 13:39:15,926 [INFO]   [BIMBOA_MX] +1 filas nuevas ✓
2026-04-27 13:39:16,727 [INFO]   [BOLSAA_MX] Descargando desde 2026-04-24 → BOLSAA.MX
2026-04-27 13:39:16,856 [INFO]   [BOLSAA_MX] +1 filas nuevas ✓
2026-04-27 13:39:17,656 [INFO]   [CEMEXCPO_MX] Descargando desde 2026-04-24 → CEMEXCPO.MX
2026-04-27 13:39:17,827 [INFO]   [CEMEXCPO_MX] +1 filas nuevas ✓
2026-04-27 13:39:18,628 [INFO]   [CUERVO_MX] Descargando desde 2026-04-24 → CUERVO.MX
2026-04-27 13:39:18,736 [INFO]   [CUERVO_MX] +1 filas nuevas ✓
2026-04-27 13:39:19,536 [INFO]   [ELEKTRA_MX] Descargando desde 2026-04-24 → ELEKTRA.MX
2026-04-27 13:39:19,729 [INFO]   [ELEKTRA_MX] +1 filas nuevas ✓
2026-04-27 13:39:20,529 [INFO]   [FEMSAUBD_MX] Descargando desde 2026-04-24 → FEMSAUBD.MX
2026-04-27 13:39:20,695 [INFO]   [FEMSAUBD_MX] +1 filas nuevas ✓
2026-04-27 13:39:21,496 [INFO]   [GAPB_MX] Descargando desde 2026-04-24 → GAPB.MX
2026-04-27 13:39:21,689 [INFO]   [GAPB_MX] +1 filas nuevas ✓
2026-04-27 13:39:22,489 [INFO]   [GCARSOA1_MX] Descargando desde 2026-04-24 → GCARSOA1.MX
2026-04-27 13:39:22,656 [INFO]   [GCARSOA1_MX] +1 filas nuevas ✓
2026-04-27 13:39:23,456 [INFO]   [GCC_MX] Descargando desde 2026-04-24 → GCC.MX
2026-04-27 13:39:23,622 [INFO]   [GCC_MX] +1 filas nuevas ✓
2026-04-27 13:39:24,422 [INFO]   [GFINBURO_MX] Descargando desde 2026-04-24 → GFINBURO.MX
2026-04-27 13:39:24,567 [INFO]   [GFINBURO_MX] +1 filas nuevas ✓
2026-04-27 13:39:25,367 [INFO]   [GFNORTEO_MX] Descargando desde 2026-04-24 → GFNORTEO.MX
2026-04-27 13:39:25,512 [INFO]   [GFNORTEO_MX] +1 filas nuevas ✓
2026-04-27 13:39:26,312 [INFO]   [GMEXICOB_MX] Descargando desde 2026-04-24 → GMEXICOB.MX
2026-04-27 13:39:26,478 [INFO]   [GMEXICOB_MX] +1 filas nuevas ✓
2026-04-27 13:39:27,278 [INFO]   [GRUMAB_MX] Descargando desde 2026-04-24 → GRUMAB.MX
2026-04-27 13:39:27,437 [INFO]   [GRUMAB_MX] +1 filas nuevas ✓
2026-04-27 13:39:28,237 [INFO]   [KIMBERA_MX] Descargando desde 2026-04-24 → KIMBERA.MX
2026-04-27 13:39:28,443 [INFO]   [KIMBERA_MX] +1 filas nuevas ✓
2026-04-27 13:39:29,243 [INFO]   [KOFUBL_MX] Descargando desde 2026-04-24 → KOFUBL.MX
2026-04-27 13:39:29,352 [INFO]   [KOFUBL_MX] +1 filas nuevas ✓
2026-04-27 13:39:30,153 [INFO]   [LABB_MX] Descargando desde 2026-04-24 → LABB.MX
2026-04-27 13:39:30,259 [INFO]   [LABB_MX] +1 filas nuevas ✓
2026-04-27 13:39:31,059 [INFO]   [LIVEPOLC-1_MX] Descargando desde 2026-04-24 → LIVEPOLC-1.MX
2026-04-27 13:39:31,242 [INFO]   [LIVEPOLC-1_MX] +1 filas nuevas ✓
2026-04-27 13:39:32,042 [INFO]   [MEGACPO_MX] Descargando desde 2026-04-24 → MEGACPO.MX
2026-04-27 13:39:32,168 [INFO]   [MEGACPO_MX] +1 filas nuevas ✓
2026-04-27 13:39:32,968 [INFO]   [OMAB_MX] Descargando desde 2026-04-24 → OMAB.MX
2026-04-27 13:39:33,132 [INFO]   [OMAB_MX] +1 filas nuevas ✓
2026-04-27 13:39:33,933 [INFO]   [ORBIA_MX] Descargando desde 2026-04-24 → ORBIA.MX
2026-04-27 13:39:34,101 [INFO]   [ORBIA_MX] +1 filas nuevas ✓
2026-04-27 13:39:34,901 [INFO]   [PE&OLES_MX] Descargando desde 2026-04-24 → PE&OLES.MX
2026-04-27 13:39:35,059 [INFO]   [PE&OLES_MX] +1 filas nuevas ✓
2026-04-27 13:39:35,860 [INFO]   [PINFRAL_MX] Descargando desde 2026-04-24 → PINFRAL.MX
2026-04-27 13:39:36,016 [INFO]   [PINFRAL_MX] +1 filas nuevas ✓
2026-04-27 13:39:36,816 [INFO]   [Q_MX] Descargando desde 2026-04-24 → Q.MX
2026-04-27 13:39:36,931 [INFO]   [Q_MX] +1 filas nuevas ✓
2026-04-27 13:39:37,732 [INFO]   [RA_MX] Descargando desde 2026-04-24 → RA.MX
2026-04-27 13:39:37,866 [INFO]   [RA_MX] +1 filas nuevas ✓
2026-04-27 13:39:38,667 [INFO]   [TLEVISACPO_MX] Descargando desde 2026-04-24 → TLEVISACPO.MX
2026-04-27 13:39:38,848 [INFO]   [TLEVISACPO_MX] +1 filas nuevas ✓
2026-04-27 13:39:39,649 [INFO]   [VESTA_MX] Descargando desde 2026-04-24 → VESTA.MX
2026-04-27 13:39:39,821 [INFO]   [VESTA_MX] +1 filas nuevas ✓
2026-04-27 13:39:40,621 [INFO]   [VOLARA_MX] Descargando desde 2026-04-24 → VOLARA.MX
2026-04-27 13:39:40,718 [INFO]   [VOLARA_MX] +1 filas nuevas ✓
2026-04-27 13:39:41,518 [INFO]   [WALMEX_MX] Descargando desde 2026-04-24 → WALMEX.MX
2026-04-27 13:39:41,705 [INFO]   [WALMEX_MX] +1 filas nuevas ✓
2026-04-27 13:39:43,312 [INFO] 
✅ CSV actualizado: datos/market_prices.csv  (180,323 filas totales, +34 nuevas)
2026-04-27 13:39:43,313 [INFO] 
── Resumen ──────────────────────────────────────
2026-04-27 13:39:43,314 [INFO]   Tickers actualizados: 34
2026-04-27 13:39:43,314 [INFO]   Tickers sin cambios:  0
2026-04-27 13:39:43,314 [INFO]   Tickers con error:    0
2026-04-27 13:39:43,314 [INFO]   Filas nuevas totales: 34
2026-04-27 13:39:43,314 [INFO] ──────────────────────────────────────────────────
2026-04-29 13:39:19,060 [INFO] ============================================================
2026-04-29 13:39:19,060 [INFO]   ACTUALIZACIÓN DIARIA DE DATOS — 2026-04-29 13:39 UTC
2026-04-29 13:39:19,060 [INFO] ============================================================
2026-04-29 13:39:19,060 [INFO] Leyendo CSV existente: datos/market_prices.csv
2026-04-29 13:39:19,207 [INFO] Tickers detectados: 34
2026-04-29 13:39:19,224 [INFO] Fecha hoy (CDMX): 2026-04-29
2026-04-29 13:39:19,224 [INFO]   [AC_MX] Descargando desde 2026-04-25 → AC.MX
2026-04-29 13:39:19,691 [INFO]   [AC_MX] +2 filas nuevas ✓
2026-04-29 13:39:20,491 [INFO]   [ALPEKA_MX] Descargando desde 2026-04-25 → ALPEKA.MX
2026-04-29 13:39:20,674 [INFO]   [ALPEKA_MX] +2 filas nuevas ✓
2026-04-29 13:39:21,474 [INFO]   [ALSEA_MX] Descargando desde 2026-04-25 → ALSEA.MX
2026-04-29 13:39:21,682 [INFO]   [ALSEA_MX] +2 filas nuevas ✓
2026-04-29 13:39:22,482 [INFO]   [AMXB_MX] Descargando desde 2026-04-25 → AMXB.MX
2026-04-29 13:39:22,646 [INFO]   [AMXB_MX] +2 filas nuevas ✓
2026-04-29 13:39:23,447 [INFO]   [ASURB_MX] Descargando desde 2026-04-25 → ASURB.MX
2026-04-29 13:39:23,662 [INFO]   [ASURB_MX] +2 filas nuevas ✓
2026-04-29 13:39:24,462 [INFO]   [BBAJIOO_MX] Descargando desde 2026-04-25 → BBAJIOO.MX
2026-04-29 13:39:24,578 [INFO]   [BBAJIOO_MX] +2 filas nuevas ✓
2026-04-29 13:39:25,379 [INFO]   [BIMBOA_MX] Descargando desde 2026-04-25 → BIMBOA.MX
2026-04-29 13:39:25,538 [INFO]   [BIMBOA_MX] +2 filas nuevas ✓
2026-04-29 13:39:26,338 [INFO]   [BOLSAA_MX] Descargando desde 2026-04-25 → BOLSAA.MX
2026-04-29 13:39:26,462 [INFO]   [BOLSAA_MX] +2 filas nuevas ✓
2026-04-29 13:39:27,262 [INFO]   [CEMEXCPO_MX] Descargando desde 2026-04-25 → CEMEXCPO.MX
2026-04-29 13:39:27,483 [INFO]   [CEMEXCPO_MX] +2 filas nuevas ✓
2026-04-29 13:39:28,283 [INFO]   [CUERVO_MX] Descargando desde 2026-04-25 → CUERVO.MX
2026-04-29 13:39:28,389 [INFO]   [CUERVO_MX] +2 filas nuevas ✓
2026-04-29 13:39:29,189 [INFO]   [ELEKTRA_MX] Descargando desde 2026-04-25 → ELEKTRA.MX
2026-04-29 13:39:29,339 [INFO]   [ELEKTRA_MX] +1 filas nuevas ✓
2026-04-29 13:39:30,139 [INFO]   [FEMSAUBD_MX] Descargando desde 2026-04-25 → FEMSAUBD.MX
2026-04-29 13:39:30,316 [INFO]   [FEMSAUBD_MX] +2 filas nuevas ✓
2026-04-29 13:39:31,117 [INFO]   [GAPB_MX] Descargando desde 2026-04-25 → GAPB.MX
2026-04-29 13:39:31,281 [INFO]   [GAPB_MX] +2 filas nuevas ✓
2026-04-29 13:39:32,081 [INFO]   [GCARSOA1_MX] Descargando desde 2026-04-25 → GCARSOA1.MX
2026-04-29 13:39:32,340 [INFO]   [GCARSOA1_MX] +2 filas nuevas ✓
2026-04-29 13:39:33,140 [INFO]   [GCC_MX] Descargando desde 2026-04-25 → GCC.MX
2026-04-29 13:39:33,308 [INFO]   [GCC_MX] +2 filas nuevas ✓
2026-04-29 13:39:34,108 [INFO]   [GFINBURO_MX] Descargando desde 2026-04-25 → GFINBURO.MX
2026-04-29 13:39:34,318 [INFO]   [GFINBURO_MX] +2 filas nuevas ✓
2026-04-29 13:39:35,119 [INFO]   [GFNORTEO_MX] Descargando desde 2026-04-25 → GFNORTEO.MX
2026-04-29 13:39:35,333 [INFO]   [GFNORTEO_MX] +2 filas nuevas ✓
2026-04-29 13:39:36,133 [INFO]   [GMEXICOB_MX] Descargando desde 2026-04-25 → GMEXICOB.MX
2026-04-29 13:39:36,304 [INFO]   [GMEXICOB_MX] +2 filas nuevas ✓
2026-04-29 13:39:37,105 [INFO]   [GRUMAB_MX] Descargando desde 2026-04-25 → GRUMAB.MX
2026-04-29 13:39:37,256 [INFO]   [GRUMAB_MX] +2 filas nuevas ✓
2026-04-29 13:39:38,056 [INFO]   [KIMBERA_MX] Descargando desde 2026-04-25 → KIMBERA.MX
2026-04-29 13:39:38,229 [INFO]   [KIMBERA_MX] +2 filas nuevas ✓
2026-04-29 13:39:39,030 [INFO]   [KOFUBL_MX] Descargando desde 2026-04-25 → KOFUBL.MX
2026-04-29 13:39:39,142 [INFO]   [KOFUBL_MX] +2 filas nuevas ✓
2026-04-29 13:39:39,942 [INFO]   [LABB_MX] Descargando desde 2026-04-25 → LABB.MX
2026-04-29 13:39:40,061 [INFO]   [LABB_MX] +2 filas nuevas ✓
2026-04-29 13:39:40,861 [INFO]   [LIVEPOLC-1_MX] Descargando desde 2026-04-25 → LIVEPOLC-1.MX
2026-04-29 13:39:41,007 [INFO]   [LIVEPOLC-1_MX] +2 filas nuevas ✓
2026-04-29 13:39:41,807 [INFO]   [MEGACPO_MX] Descargando desde 2026-04-25 → MEGACPO.MX
2026-04-29 13:39:41,938 [INFO]   [MEGACPO_MX] +2 filas nuevas ✓
2026-04-29 13:39:42,739 [INFO]   [OMAB_MX] Descargando desde 2026-04-25 → OMAB.MX
2026-04-29 13:39:42,906 [INFO]   [OMAB_MX] +2 filas nuevas ✓
2026-04-29 13:39:43,706 [INFO]   [ORBIA_MX] Descargando desde 2026-04-25 → ORBIA.MX
2026-04-29 13:39:43,924 [INFO]   [ORBIA_MX] +2 filas nuevas ✓
2026-04-29 13:39:44,724 [INFO]   [PE&OLES_MX] Descargando desde 2026-04-25 → PE&OLES.MX
2026-04-29 13:39:44,875 [INFO]   [PE&OLES_MX] +2 filas nuevas ✓
2026-04-29 13:39:45,676 [INFO]   [PINFRAL_MX] Descargando desde 2026-04-25 → PINFRAL.MX
2026-04-29 13:39:45,798 [INFO]   [PINFRAL_MX] +2 filas nuevas ✓
2026-04-29 13:39:46,598 [INFO]   [Q_MX] Descargando desde 2026-04-25 → Q.MX
2026-04-29 13:39:46,714 [INFO]   [Q_MX] +2 filas nuevas ✓
2026-04-29 13:39:47,515 [INFO]   [RA_MX] Descargando desde 2026-04-25 → RA.MX
2026-04-29 13:39:47,641 [INFO]   [RA_MX] +2 filas nuevas ✓
2026-04-29 13:39:48,441 [INFO]   [TLEVISACPO_MX] Descargando desde 2026-04-25 → TLEVISACPO.MX
2026-04-29 13:39:48,611 [INFO]   [TLEVISACPO_MX] +2 filas nuevas ✓
2026-04-29 13:39:49,412 [INFO]   [VESTA_MX] Descargando desde 2026-04-25 → VESTA.MX
2026-04-29 13:39:49,533 [INFO]   [VESTA_MX] +2 filas nuevas ✓
2026-04-29 13:39:50,334 [INFO]   [VOLARA_MX] Descargando desde 2026-04-25 → VOLARA.MX
2026-04-29 13:39:50,425 [INFO]   [VOLARA_MX] +2 filas nuevas ✓
2026-04-29 13:39:51,225 [INFO]   [WALMEX_MX] Descargando desde 2026-04-25 → WALMEX.MX
2026-04-29 13:39:51,368 [INFO]   [WALMEX_MX] +2 filas nuevas ✓
2026-04-29 13:39:52,954 [INFO] 
✅ CSV actualizado: datos/market_prices.csv  (180,390 filas totales, +67 nuevas)
2026-04-29 13:39:52,956 [INFO] 
── Resumen ──────────────────────────────────────
2026-04-29 13:39:52,956 [INFO]   Tickers actualizados: 34
2026-04-29 13:39:52,956 [INFO]   Tickers sin cambios:  0
2026-04-29 13:39:52,956 [INFO]   Tickers con error:    0
2026-04-29 13:39:52,956 [INFO]   Filas nuevas totales: 67
2026-04-29 13:39:52,956 [INFO] ──────────────────────────────────────────────────
2026-04-30 13:39:37,771 [INFO] ============================================================
2026-04-30 13:39:37,771 [INFO]   ACTUALIZACIÓN DIARIA DE DATOS — 2026-04-30 13:39 UTC
2026-04-30 13:39:37,771 [INFO] ============================================================
2026-04-30 13:39:37,771 [INFO] Leyendo CSV existente: datos/market_prices.csv
2026-04-30 13:39:37,922 [INFO] Tickers detectados: 34
2026-04-30 13:39:37,940 [INFO] Fecha hoy (CDMX): 2026-04-30
2026-04-30 13:39:37,940 [INFO]   [AC_MX] Descargando desde 2026-04-29 → AC.MX
2026-04-30 13:39:39,111 [INFO]   [AC_MX] +1 filas nuevas ✓
2026-04-30 13:39:39,912 [INFO]   [ALPEKA_MX] Descargando desde 2026-04-29 → ALPEKA.MX
2026-04-30 13:39:40,266 [INFO]   [ALPEKA_MX] +1 filas nuevas ✓
2026-04-30 13:39:41,066 [INFO]   [ALSEA_MX] Descargando desde 2026-04-29 → ALSEA.MX
2026-04-30 13:39:41,372 [INFO]   [ALSEA_MX] +1 filas nuevas ✓
2026-04-30 13:39:42,172 [INFO]   [AMXB_MX] Descargando desde 2026-04-29 → AMXB.MX
2026-04-30 13:39:42,476 [INFO]   [AMXB_MX] +1 filas nuevas ✓
2026-04-30 13:39:43,276 [INFO]   [ASURB_MX] Descargando desde 2026-04-29 → ASURB.MX
2026-04-30 13:39:43,558 [INFO]   [ASURB_MX] +1 filas nuevas ✓
2026-04-30 13:39:44,358 [INFO]   [BBAJIOO_MX] Descargando desde 2026-04-29 → BBAJIOO.MX
2026-04-30 13:39:44,572 [INFO]   [BBAJIOO_MX] +1 filas nuevas ✓
2026-04-30 13:39:45,373 [INFO]   [BIMBOA_MX] Descargando desde 2026-04-29 → BIMBOA.MX
2026-04-30 13:39:45,714 [INFO]   [BIMBOA_MX] +1 filas nuevas ✓
2026-04-30 13:39:46,515 [INFO]   [BOLSAA_MX] Descargando desde 2026-04-29 → BOLSAA.MX
2026-04-30 13:39:46,799 [INFO]   [BOLSAA_MX] +1 filas nuevas ✓
2026-04-30 13:39:47,600 [INFO]   [CEMEXCPO_MX] Descargando desde 2026-04-29 → CEMEXCPO.MX
2026-04-30 13:39:47,890 [INFO]   [CEMEXCPO_MX] +1 filas nuevas ✓
2026-04-30 13:39:48,691 [INFO]   [CUERVO_MX] Descargando desde 2026-04-29 → CUERVO.MX
2026-04-30 13:39:48,932 [INFO]   [CUERVO_MX] +1 filas nuevas ✓
2026-04-30 13:39:49,733 [INFO]   [ELEKTRA_MX] Descargando desde 2026-04-28 → ELEKTRA.MX
2026-04-30 13:39:49,992 [ERROR] $ELEKTRA.MX: possibly delisted; no price data found  (1d 2026-04-28 -> 2026-04-30)
2026-04-30 13:39:49,992 [WARNING]   [ELEKTRA_MX] Sin datos nuevos
2026-04-30 13:39:50,793 [INFO]   [FEMSAUBD_MX] Descargando desde 2026-04-29 → FEMSAUBD.MX
2026-04-30 13:39:51,072 [INFO]   [FEMSAUBD_MX] +1 filas nuevas ✓
2026-04-30 13:39:51,873 [INFO]   [GAPB_MX] Descargando desde 2026-04-29 → GAPB.MX
2026-04-30 13:39:52,173 [INFO]   [GAPB_MX] +1 filas nuevas ✓
2026-04-30 13:39:52,973 [INFO]   [GCARSOA1_MX] Descargando desde 2026-04-29 → GCARSOA1.MX
2026-04-30 13:39:53,290 [INFO]   [GCARSOA1_MX] +1 filas nuevas ✓
2026-04-30 13:39:54,090 [INFO]   [GCC_MX] Descargando desde 2026-04-29 → GCC.MX
2026-04-30 13:39:54,574 [INFO]   [GCC_MX] +1 filas nuevas ✓
2026-04-30 13:39:55,374 [INFO]   [GFINBURO_MX] Descargando desde 2026-04-29 → GFINBURO.MX
2026-04-30 13:39:55,683 [INFO]   [GFINBURO_MX] +1 filas nuevas ✓
2026-04-30 13:39:56,484 [INFO]   [GFNORTEO_MX] Descargando desde 2026-04-29 → GFNORTEO.MX
2026-04-30 13:39:56,754 [INFO]   [GFNORTEO_MX] +1 filas nuevas ✓
2026-04-30 13:39:57,554 [INFO]   [GMEXICOB_MX] Descargando desde 2026-04-29 → GMEXICOB.MX
2026-04-30 13:39:57,882 [INFO]   [GMEXICOB_MX] +1 filas nuevas ✓
2026-04-30 13:39:58,683 [INFO]   [GRUMAB_MX] Descargando desde 2026-04-29 → GRUMAB.MX
2026-04-30 13:39:59,405 [INFO]   [GRUMAB_MX] +1 filas nuevas ✓
2026-04-30 13:40:00,205 [INFO]   [KIMBERA_MX] Descargando desde 2026-04-29 → KIMBERA.MX
2026-04-30 13:40:00,579 [INFO]   [KIMBERA_MX] +1 filas nuevas ✓
2026-04-30 13:40:01,380 [INFO]   [KOFUBL_MX] Descargando desde 2026-04-29 → KOFUBL.MX
2026-04-30 13:40:01,632 [INFO]   [KOFUBL_MX] +1 filas nuevas ✓
2026-04-30 13:40:02,432 [INFO]   [LABB_MX] Descargando desde 2026-04-29 → LABB.MX
2026-04-30 13:40:02,680 [INFO]   [LABB_MX] +1 filas nuevas ✓
2026-04-30 13:40:03,481 [INFO]   [LIVEPOLC-1_MX] Descargando desde 2026-04-29 → LIVEPOLC-1.MX
2026-04-30 13:40:03,772 [INFO]   [LIVEPOLC-1_MX] +1 filas nuevas ✓
2026-04-30 13:40:04,573 [INFO]   [MEGACPO_MX] Descargando desde 2026-04-29 → MEGACPO.MX
2026-04-30 13:40:05,350 [INFO]   [MEGACPO_MX] +1 filas nuevas ✓
2026-04-30 13:40:06,150 [INFO]   [OMAB_MX] Descargando desde 2026-04-29 → OMAB.MX
2026-04-30 13:40:06,465 [INFO]   [OMAB_MX] +1 filas nuevas ✓
2026-04-30 13:40:07,266 [INFO]   [ORBIA_MX] Descargando desde 2026-04-29 → ORBIA.MX
2026-04-30 13:40:07,543 [INFO]   [ORBIA_MX] +1 filas nuevas ✓
2026-04-30 13:40:08,344 [INFO]   [PE&OLES_MX] Descargando desde 2026-04-29 → PE&OLES.MX
2026-04-30 13:40:08,608 [INFO]   [PE&OLES_MX] +1 filas nuevas ✓
2026-04-30 13:40:09,408 [INFO]   [PINFRAL_MX] Descargando desde 2026-04-29 → PINFRAL.MX
2026-04-30 13:40:09,673 [INFO]   [PINFRAL_MX] +1 filas nuevas ✓
2026-04-30 13:40:10,474 [INFO]   [Q_MX] Descargando desde 2026-04-29 → Q.MX
2026-04-30 13:40:10,738 [INFO]   [Q_MX] +1 filas nuevas ✓
2026-04-30 13:40:11,538 [INFO]   [RA_MX] Descargando desde 2026-04-29 → RA.MX
2026-04-30 13:40:11,830 [INFO]   [RA_MX] +1 filas nuevas ✓
2026-04-30 13:40:12,631 [INFO]   [TLEVISACPO_MX] Descargando desde 2026-04-29 → TLEVISACPO.MX
2026-04-30 13:40:12,918 [INFO]   [TLEVISACPO_MX] +1 filas nuevas ✓
2026-04-30 13:40:13,719 [INFO]   [VESTA_MX] Descargando desde 2026-04-29 → VESTA.MX
2026-04-30 13:40:13,952 [INFO]   [VESTA_MX] +1 filas nuevas ✓
2026-04-30 13:40:14,752 [INFO]   [VOLARA_MX] Descargando desde 2026-04-29 → VOLARA.MX
2026-04-30 13:40:14,942 [INFO]   [VOLARA_MX] +1 filas nuevas ✓
2026-04-30 13:40:15,743 [INFO]   [WALMEX_MX] Descargando desde 2026-04-29 → WALMEX.MX
2026-04-30 13:40:16,024 [INFO]   [WALMEX_MX] +1 filas nuevas ✓
2026-04-30 13:40:17,625 [INFO] 
✅ CSV actualizado: datos/market_prices.csv  (180,423 filas totales, +33 nuevas)
2026-04-30 13:40:17,627 [INFO] 
── Resumen ──────────────────────────────────────
2026-04-30 13:40:17,627 [INFO]   Tickers actualizados: 33
2026-04-30 13:40:17,627 [INFO]   Tickers sin cambios:  0
2026-04-30 13:40:17,627 [INFO]   Tickers con error:    1
2026-04-30 13:40:17,627 [INFO]   Filas nuevas totales: 33
2026-04-30 13:40:17,627 [INFO] ──────────────────────────────────────────────────
2026-05-01 13:34:56,465 [INFO] ============================================================
2026-05-01 13:34:56,466 [INFO]   ACTUALIZACIÓN DIARIA DE DATOS — 2026-05-01 13:34 UTC
2026-05-01 13:34:56,466 [INFO] ============================================================
2026-05-01 13:34:56,466 [INFO] Leyendo CSV existente: datos/market_prices.csv
2026-05-01 13:34:56,608 [INFO] Tickers detectados: 34
2026-05-01 13:34:56,625 [INFO] Fecha hoy (CDMX): 2026-05-01
2026-05-01 13:34:56,625 [INFO]   [AC_MX] Descargando desde 2026-04-30 → AC.MX
2026-05-01 13:34:57,213 [INFO]   [AC_MX] +1 filas nuevas ✓
2026-05-01 13:34:58,014 [INFO]   [ALPEKA_MX] Descargando desde 2026-04-30 → ALPEKA.MX
2026-05-01 13:34:58,188 [INFO]   [ALPEKA_MX] +1 filas nuevas ✓
2026-05-01 13:34:58,988 [INFO]   [ALSEA_MX] Descargando desde 2026-04-30 → ALSEA.MX
2026-05-01 13:34:59,125 [INFO]   [ALSEA_MX] +1 filas nuevas ✓
2026-05-01 13:34:59,926 [INFO]   [AMXB_MX] Descargando desde 2026-04-30 → AMXB.MX
2026-05-01 13:35:00,062 [INFO]   [AMXB_MX] +1 filas nuevas ✓
2026-05-01 13:35:00,862 [INFO]   [ASURB_MX] Descargando desde 2026-04-30 → ASURB.MX
2026-05-01 13:35:01,006 [INFO]   [ASURB_MX] +1 filas nuevas ✓
2026-05-01 13:35:01,806 [INFO]   [BBAJIOO_MX] Descargando desde 2026-04-30 → BBAJIOO.MX
2026-05-01 13:35:01,896 [INFO]   [BBAJIOO_MX] +1 filas nuevas ✓
2026-05-01 13:35:02,697 [INFO]   [BIMBOA_MX] Descargando desde 2026-04-30 → BIMBOA.MX
2026-05-01 13:35:02,866 [INFO]   [BIMBOA_MX] +1 filas nuevas ✓
2026-05-01 13:35:03,667 [INFO]   [BOLSAA_MX] Descargando desde 2026-04-30 → BOLSAA.MX
2026-05-01 13:35:03,810 [INFO]   [BOLSAA_MX] +1 filas nuevas ✓
2026-05-01 13:35:04,611 [INFO]   [CEMEXCPO_MX] Descargando desde 2026-04-30 → CEMEXCPO.MX
2026-05-01 13:35:04,781 [INFO]   [CEMEXCPO_MX] +1 filas nuevas ✓
2026-05-01 13:35:05,581 [INFO]   [CUERVO_MX] Descargando desde 2026-04-30 → CUERVO.MX
2026-05-01 13:35:06,291 [INFO]   [CUERVO_MX] +1 filas nuevas ✓
2026-05-01 13:35:07,091 [INFO]   [ELEKTRA_MX] Descargando desde 2026-04-28 → ELEKTRA.MX
2026-05-01 13:35:07,260 [ERROR] $ELEKTRA.MX: possibly delisted; no price data found  (1d 2026-04-28 -> 2026-05-01)
2026-05-01 13:35:07,261 [WARNING]   [ELEKTRA_MX] Sin datos nuevos
2026-05-01 13:35:08,061 [INFO]   [FEMSAUBD_MX] Descargando desde 2026-04-30 → FEMSAUBD.MX
2026-05-01 13:35:08,250 [INFO]   [FEMSAUBD_MX] +1 filas nuevas ✓
2026-05-01 13:35:09,050 [INFO]   [GAPB_MX] Descargando desde 2026-04-30 → GAPB.MX
2026-05-01 13:35:09,214 [INFO]   [GAPB_MX] +1 filas nuevas ✓
2026-05-01 13:35:10,014 [INFO]   [GCARSOA1_MX] Descargando desde 2026-04-30 → GCARSOA1.MX
2026-05-01 13:35:10,181 [INFO]   [GCARSOA1_MX] +1 filas nuevas ✓
2026-05-01 13:35:10,981 [INFO]   [GCC_MX] Descargando desde 2026-04-30 → GCC.MX
2026-05-01 13:35:11,265 [INFO]   [GCC_MX] +1 filas nuevas ✓
2026-05-01 13:35:12,066 [INFO]   [GFINBURO_MX] Descargando desde 2026-04-30 → GFINBURO.MX
2026-05-01 13:35:12,232 [INFO]   [GFINBURO_MX] +1 filas nuevas ✓
2026-05-01 13:35:13,032 [INFO]   [GFNORTEO_MX] Descargando desde 2026-04-30 → GFNORTEO.MX
2026-05-01 13:35:13,213 [INFO]   [GFNORTEO_MX] +1 filas nuevas ✓
2026-05-01 13:35:14,013 [INFO]   [GMEXICOB_MX] Descargando desde 2026-04-30 → GMEXICOB.MX
2026-05-01 13:35:14,193 [INFO]   [GMEXICOB_MX] +1 filas nuevas ✓
2026-05-01 13:35:14,993 [INFO]   [GRUMAB_MX] Descargando desde 2026-04-30 → GRUMAB.MX
2026-05-01 13:35:15,123 [INFO]   [GRUMAB_MX] +1 filas nuevas ✓
2026-05-01 13:35:15,923 [INFO]   [KIMBERA_MX] Descargando desde 2026-04-30 → KIMBERA.MX
2026-05-01 13:35:16,101 [INFO]   [KIMBERA_MX] +1 filas nuevas ✓
2026-05-01 13:35:16,902 [INFO]   [KOFUBL_MX] Descargando desde 2026-04-30 → KOFUBL.MX
2026-05-01 13:35:17,024 [INFO]   [KOFUBL_MX] +1 filas nuevas ✓
2026-05-01 13:35:17,824 [INFO]   [LABB_MX] Descargando desde 2026-04-30 → LABB.MX
2026-05-01 13:35:17,928 [INFO]   [LABB_MX] +1 filas nuevas ✓
2026-05-01 13:35:18,728 [INFO]   [LIVEPOLC-1_MX] Descargando desde 2026-04-30 → LIVEPOLC-1.MX
2026-05-01 13:35:18,914 [INFO]   [LIVEPOLC-1_MX] +1 filas nuevas ✓
2026-05-01 13:35:19,714 [INFO]   [MEGACPO_MX] Descargando desde 2026-04-30 → MEGACPO.MX
2026-05-01 13:35:20,359 [INFO]   [MEGACPO_MX] +1 filas nuevas ✓
2026-05-01 13:35:21,160 [INFO]   [OMAB_MX] Descargando desde 2026-04-30 → OMAB.MX
2026-05-01 13:35:21,367 [INFO]   [OMAB_MX] +1 filas nuevas ✓
2026-05-01 13:35:22,167 [INFO]   [ORBIA_MX] Descargando desde 2026-04-30 → ORBIA.MX
2026-05-01 13:35:22,331 [INFO]   [ORBIA_MX] +1 filas nuevas ✓
2026-05-01 13:35:23,131 [INFO]   [PE&OLES_MX] Descargando desde 2026-04-30 → PE&OLES.MX
2026-05-01 13:35:23,271 [INFO]   [PE&OLES_MX] +1 filas nuevas ✓
2026-05-01 13:35:24,071 [INFO]   [PINFRAL_MX] Descargando desde 2026-04-30 → PINFRAL.MX
2026-05-01 13:35:24,220 [INFO]   [PINFRAL_MX] +1 filas nuevas ✓
2026-05-01 13:35:25,020 [INFO]   [Q_MX] Descargando desde 2026-04-30 → Q.MX
2026-05-01 13:35:25,126 [INFO]   [Q_MX] +1 filas nuevas ✓
2026-05-01 13:35:25,926 [INFO]   [RA_MX] Descargando desde 2026-04-30 → RA.MX
2026-05-01 13:35:26,102 [INFO]   [RA_MX] +1 filas nuevas ✓
2026-05-01 13:35:26,902 [INFO]   [TLEVISACPO_MX] Descargando desde 2026-04-30 → TLEVISACPO.MX
2026-05-01 13:35:27,083 [INFO]   [TLEVISACPO_MX] +1 filas nuevas ✓
2026-05-01 13:35:27,884 [INFO]   [VESTA_MX] Descargando desde 2026-04-30 → VESTA.MX
2026-05-01 13:35:28,011 [INFO]   [VESTA_MX] +1 filas nuevas ✓
2026-05-01 13:35:28,812 [INFO]   [VOLARA_MX] Descargando desde 2026-04-30 → VOLARA.MX
2026-05-01 13:35:28,929 [INFO]   [VOLARA_MX] +1 filas nuevas ✓
2026-05-01 13:35:29,729 [INFO]   [WALMEX_MX] Descargando desde 2026-04-30 → WALMEX.MX
2026-05-01 13:35:29,856 [INFO]   [WALMEX_MX] +1 filas nuevas ✓
2026-05-01 13:35:31,424 [INFO] 
✅ CSV actualizado: datos/market_prices.csv  (180,456 filas totales, +33 nuevas)
2026-05-01 13:35:31,426 [INFO] 
── Resumen ──────────────────────────────────────
2026-05-01 13:35:31,426 [INFO]   Tickers actualizados: 33
2026-05-01 13:35:31,426 [INFO]   Tickers sin cambios:  0
2026-05-01 13:35:31,426 [INFO]   Tickers con error:    1
2026-05-01 13:35:31,426 [INFO]   Filas nuevas totales: 33
2026-05-01 13:35:31,426 [INFO] ──────────────────────────────────────────────────
2026-05-04 13:41:07,833 [INFO] ============================================================
2026-05-04 13:41:07,833 [INFO]   ACTUALIZACIÓN DIARIA DE DATOS — 2026-05-04 13:41 UTC
2026-05-04 13:41:07,833 [INFO] ============================================================
2026-05-04 13:41:07,833 [INFO] Leyendo CSV existente: datos/market_prices.csv
2026-05-04 13:41:07,978 [INFO] Tickers detectados: 34
2026-05-04 13:41:07,997 [INFO] Fecha hoy (CDMX): 2026-05-04
2026-05-04 13:41:07,997 [INFO]   [AC_MX] Descargando desde 2026-05-01 → AC.MX
2026-05-04 13:41:09,038 [INFO]   [AC_MX] +1 filas nuevas ✓
2026-05-04 13:41:09,839 [INFO]   [ALPEKA_MX] Descargando desde 2026-05-01 → ALPEKA.MX
2026-05-04 13:41:10,055 [INFO]   [ALPEKA_MX] +1 filas nuevas ✓
2026-05-04 13:41:10,855 [INFO]   [ALSEA_MX] Descargando desde 2026-05-01 → ALSEA.MX
2026-05-04 13:41:11,139 [INFO]   [ALSEA_MX] +1 filas nuevas ✓
2026-05-04 13:41:11,939 [INFO]   [AMXB_MX] Descargando desde 2026-05-01 → AMXB.MX
2026-05-04 13:41:12,261 [INFO]   [AMXB_MX] +1 filas nuevas ✓
2026-05-04 13:41:13,062 [INFO]   [ASURB_MX] Descargando desde 2026-05-01 → ASURB.MX
2026-05-04 13:41:13,361 [INFO]   [ASURB_MX] +1 filas nuevas ✓
2026-05-04 13:41:14,162 [INFO]   [BBAJIOO_MX] Descargando desde 2026-05-01 → BBAJIOO.MX
2026-05-04 13:41:14,421 [INFO]   [BBAJIOO_MX] +1 filas nuevas ✓
2026-05-04 13:41:15,221 [INFO]   [BIMBOA_MX] Descargando desde 2026-05-01 → BIMBOA.MX
2026-05-04 13:41:15,685 [INFO]   [BIMBOA_MX] +1 filas nuevas ✓
2026-05-04 13:41:16,485 [INFO]   [BOLSAA_MX] Descargando desde 2026-05-01 → BOLSAA.MX
2026-05-04 13:41:17,543 [INFO]   [BOLSAA_MX] +1 filas nuevas ✓
2026-05-04 13:41:18,344 [INFO]   [CEMEXCPO_MX] Descargando desde 2026-05-01 → CEMEXCPO.MX
2026-05-04 13:41:18,666 [INFO]   [CEMEXCPO_MX] +1 filas nuevas ✓
2026-05-04 13:41:19,467 [INFO]   [CUERVO_MX] Descargando desde 2026-05-01 → CUERVO.MX
2026-05-04 13:41:19,676 [INFO]   [CUERVO_MX] +1 filas nuevas ✓
2026-05-04 13:41:20,477 [INFO]   [ELEKTRA_MX] Descargando desde 2026-04-28 → ELEKTRA.MX
2026-05-04 13:41:20,734 [ERROR] $ELEKTRA.MX: possibly delisted; no price data found  (1d 2026-04-28 -> 2026-05-04)
2026-05-04 13:41:20,734 [WARNING]   [ELEKTRA_MX] Sin datos nuevos
2026-05-04 13:41:21,535 [INFO]   [FEMSAUBD_MX] Descargando desde 2026-05-01 → FEMSAUBD.MX
2026-05-04 13:41:21,897 [INFO]   [FEMSAUBD_MX] +1 filas nuevas ✓
2026-05-04 13:41:22,698 [INFO]   [GAPB_MX] Descargando desde 2026-05-01 → GAPB.MX
2026-05-04 13:41:22,968 [INFO]   [GAPB_MX] +1 filas nuevas ✓
2026-05-04 13:41:23,769 [INFO]   [GCARSOA1_MX] Descargando desde 2026-05-01 → GCARSOA1.MX
2026-05-04 13:41:24,051 [INFO]   [GCARSOA1_MX] +1 filas nuevas ✓
2026-05-04 13:41:24,851 [INFO]   [GCC_MX] Descargando desde 2026-05-01 → GCC.MX
2026-05-04 13:41:25,326 [INFO]   [GCC_MX] +1 filas nuevas ✓
2026-05-04 13:41:26,127 [INFO]   [GFINBURO_MX] Descargando desde 2026-05-01 → GFINBURO.MX
2026-05-04 13:41:26,400 [INFO]   [GFINBURO_MX] +1 filas nuevas ✓
2026-05-04 13:41:27,201 [INFO]   [GFNORTEO_MX] Descargando desde 2026-05-01 → GFNORTEO.MX
2026-05-04 13:41:27,464 [INFO]   [GFNORTEO_MX] +1 filas nuevas ✓
2026-05-04 13:41:28,265 [INFO]   [GMEXICOB_MX] Descargando desde 2026-05-01 → GMEXICOB.MX
2026-05-04 13:41:28,527 [INFO]   [GMEXICOB_MX] +1 filas nuevas ✓
2026-05-04 13:41:29,327 [INFO]   [GRUMAB_MX] Descargando desde 2026-05-01 → GRUMAB.MX
2026-05-04 13:41:29,592 [INFO]   [GRUMAB_MX] +1 filas nuevas ✓
2026-05-04 13:41:30,392 [INFO]   [KIMBERA_MX] Descargando desde 2026-05-01 → KIMBERA.MX
2026-05-04 13:41:30,723 [INFO]   [KIMBERA_MX] +1 filas nuevas ✓
2026-05-04 13:41:31,524 [INFO]   [KOFUBL_MX] Descargando desde 2026-05-01 → KOFUBL.MX
2026-05-04 13:41:31,736 [INFO]   [KOFUBL_MX] +1 filas nuevas ✓
2026-05-04 13:41:32,537 [INFO]   [LABB_MX] Descargando desde 2026-05-01 → LABB.MX
2026-05-04 13:41:32,933 [INFO]   [LABB_MX] +1 filas nuevas ✓
2026-05-04 13:41:33,733 [INFO]   [LIVEPOLC-1_MX] Descargando desde 2026-05-01 → LIVEPOLC-1.MX
2026-05-04 13:41:34,009 [INFO]   [LIVEPOLC-1_MX] +1 filas nuevas ✓
2026-05-04 13:41:34,809 [INFO]   [MEGACPO_MX] Descargando desde 2026-05-01 → MEGACPO.MX
2026-05-04 13:41:35,144 [INFO]   [MEGACPO_MX] +1 filas nuevas ✓
2026-05-04 13:41:35,945 [INFO]   [OMAB_MX] Descargando desde 2026-05-01 → OMAB.MX
2026-05-04 13:41:36,246 [INFO]   [OMAB_MX] +1 filas nuevas ✓
2026-05-04 13:41:37,047 [INFO]   [ORBIA_MX] Descargando desde 2026-05-01 → ORBIA.MX
2026-05-04 13:41:37,341 [INFO]   [ORBIA_MX] +1 filas nuevas ✓
2026-05-04 13:41:38,142 [INFO]   [PE&OLES_MX] Descargando desde 2026-05-01 → PE&OLES.MX
2026-05-04 13:41:38,445 [INFO]   [PE&OLES_MX] +1 filas nuevas ✓
2026-05-04 13:41:39,246 [INFO]   [PINFRAL_MX] Descargando desde 2026-05-01 → PINFRAL.MX
2026-05-04 13:41:39,441 [INFO]   [PINFRAL_MX] +1 filas nuevas ✓
2026-05-04 13:41:40,241 [INFO]   [Q_MX] Descargando desde 2026-05-01 → Q.MX
2026-05-04 13:41:40,501 [INFO]   [Q_MX] +1 filas nuevas ✓
2026-05-04 13:41:41,301 [INFO]   [RA_MX] Descargando desde 2026-05-01 → RA.MX
2026-05-04 13:41:41,551 [INFO]   [RA_MX] +1 filas nuevas ✓
2026-05-04 13:41:42,351 [INFO]   [TLEVISACPO_MX] Descargando desde 2026-05-01 → TLEVISACPO.MX
2026-05-04 13:41:42,611 [INFO]   [TLEVISACPO_MX] +1 filas nuevas ✓
2026-05-04 13:41:43,412 [INFO]   [VESTA_MX] Descargando desde 2026-05-01 → VESTA.MX
2026-05-04 13:41:43,679 [INFO]   [VESTA_MX] +1 filas nuevas ✓
2026-05-04 13:41:44,480 [INFO]   [VOLARA_MX] Descargando desde 2026-05-01 → VOLARA.MX
2026-05-04 13:41:44,722 [INFO]   [VOLARA_MX] +1 filas nuevas ✓
2026-05-04 13:41:45,522 [INFO]   [WALMEX_MX] Descargando desde 2026-05-01 → WALMEX.MX
2026-05-04 13:41:45,814 [INFO]   [WALMEX_MX] +1 filas nuevas ✓
2026-05-04 13:41:47,400 [INFO] 
✅ CSV actualizado: datos/market_prices.csv  (180,456 filas totales, +33 nuevas)
2026-05-04 13:41:47,402 [INFO] 
── Resumen ──────────────────────────────────────
2026-05-04 13:41:47,402 [INFO]   Tickers actualizados: 33
2026-05-04 13:41:47,402 [INFO]   Tickers sin cambios:  0
2026-05-04 13:41:47,402 [INFO]   Tickers con error:    1
2026-05-04 13:41:47,402 [INFO]   Filas nuevas totales: 33
2026-05-04 13:41:47,402 [INFO] ──────────────────────────────────────────────────
2026-05-05 13:41:27,688 [INFO] ============================================================
2026-05-05 13:41:27,689 [INFO]   ACTUALIZACIÓN DIARIA DE DATOS — 2026-05-05 13:41 UTC
2026-05-05 13:41:27,689 [INFO] ============================================================
2026-05-05 13:41:27,689 [INFO] Leyendo CSV existente: datos/market_prices.csv
2026-05-05 13:41:27,840 [INFO] Tickers detectados: 34
2026-05-05 13:41:27,873 [INFO] Fecha hoy (CDMX): 2026-05-05
2026-05-05 13:41:27,873 [INFO]   [AC_MX] Descargando desde 2026-05-01 → AC.MX
2026-05-05 13:41:28,680 [INFO]   [AC_MX] +1 filas nuevas ✓
2026-05-05 13:41:29,481 [INFO]   [ALPEKA_MX] Descargando desde 2026-05-01 → ALPEKA.MX
2026-05-05 13:41:29,658 [INFO]   [ALPEKA_MX] +1 filas nuevas ✓
2026-05-05 13:41:30,458 [INFO]   [ALSEA_MX] Descargando desde 2026-05-01 → ALSEA.MX
2026-05-05 13:41:30,720 [INFO]   [ALSEA_MX] +1 filas nuevas ✓
2026-05-05 13:41:31,521 [INFO]   [AMXB_MX] Descargando desde 2026-05-01 → AMXB.MX
2026-05-05 13:41:31,783 [INFO]   [AMXB_MX] +1 filas nuevas ✓
2026-05-05 13:41:32,583 [INFO]   [ASURB_MX] Descargando desde 2026-05-01 → ASURB.MX
2026-05-05 13:41:32,809 [INFO]   [ASURB_MX] +1 filas nuevas ✓
2026-05-05 13:41:33,610 [INFO]   [BBAJIOO_MX] Descargando desde 2026-05-01 → BBAJIOO.MX
2026-05-05 13:41:33,761 [INFO]   [BBAJIOO_MX] +1 filas nuevas ✓
2026-05-05 13:41:34,562 [INFO]   [BIMBOA_MX] Descargando desde 2026-05-01 → BIMBOA.MX
2026-05-05 13:41:34,831 [INFO]   [BIMBOA_MX] +1 filas nuevas ✓
2026-05-05 13:41:35,632 [INFO]   [BOLSAA_MX] Descargando desde 2026-05-01 → BOLSAA.MX
2026-05-05 13:41:35,819 [INFO]   [BOLSAA_MX] +1 filas nuevas ✓
2026-05-05 13:41:36,620 [INFO]   [CEMEXCPO_MX] Descargando desde 2026-05-01 → CEMEXCPO.MX
2026-05-05 13:41:36,851 [INFO]   [CEMEXCPO_MX] +1 filas nuevas ✓
2026-05-05 13:41:37,652 [INFO]   [CUERVO_MX] Descargando desde 2026-05-01 → CUERVO.MX
2026-05-05 13:41:37,898 [INFO]   [CUERVO_MX] +1 filas nuevas ✓
2026-05-05 13:41:38,698 [INFO]   [ELEKTRA_MX] Descargando desde 2026-04-28 → ELEKTRA.MX
2026-05-05 13:41:38,897 [ERROR] $ELEKTRA.MX: possibly delisted; no price data found  (1d 2026-04-28 -> 2026-05-05)
2026-05-05 13:41:38,898 [WARNING]   [ELEKTRA_MX] Sin datos nuevos
2026-05-05 13:41:39,698 [INFO]   [FEMSAUBD_MX] Descargando desde 2026-05-01 → FEMSAUBD.MX
2026-05-05 13:41:39,896 [INFO]   [FEMSAUBD_MX] +1 filas nuevas ✓
2026-05-05 13:41:40,696 [INFO]   [GAPB_MX] Descargando desde 2026-05-01 → GAPB.MX
2026-05-05 13:41:40,890 [INFO]   [GAPB_MX] +1 filas nuevas ✓
2026-05-05 13:41:41,690 [INFO]   [GCARSOA1_MX] Descargando desde 2026-05-01 → GCARSOA1.MX
2026-05-05 13:41:41,914 [INFO]   [GCARSOA1_MX] +1 filas nuevas ✓
2026-05-05 13:41:42,715 [INFO]   [GCC_MX] Descargando desde 2026-05-01 → GCC.MX
2026-05-05 13:41:42,927 [INFO]   [GCC_MX] +1 filas nuevas ✓
2026-05-05 13:41:43,728 [INFO]   [GFINBURO_MX] Descargando desde 2026-05-01 → GFINBURO.MX
2026-05-05 13:41:43,923 [INFO]   [GFINBURO_MX] +1 filas nuevas ✓
2026-05-05 13:41:44,723 [INFO]   [GFNORTEO_MX] Descargando desde 2026-05-01 → GFNORTEO.MX
2026-05-05 13:41:44,997 [INFO]   [GFNORTEO_MX] +1 filas nuevas ✓
2026-05-05 13:41:45,797 [INFO]   [GMEXICOB_MX] Descargando desde 2026-05-01 → GMEXICOB.MX
2026-05-05 13:41:45,996 [INFO]   [GMEXICOB_MX] +1 filas nuevas ✓
2026-05-05 13:41:46,796 [INFO]   [GRUMAB_MX] Descargando desde 2026-05-01 → GRUMAB.MX
2026-05-05 13:41:47,002 [INFO]   [GRUMAB_MX] +1 filas nuevas ✓
2026-05-05 13:41:47,802 [INFO]   [KIMBERA_MX] Descargando desde 2026-05-01 → KIMBERA.MX
2026-05-05 13:41:48,028 [INFO]   [KIMBERA_MX] +1 filas nuevas ✓
2026-05-05 13:41:48,828 [INFO]   [KOFUBL_MX] Descargando desde 2026-05-01 → KOFUBL.MX
2026-05-05 13:41:48,990 [INFO]   [KOFUBL_MX] +1 filas nuevas ✓
2026-05-05 13:41:49,791 [INFO]   [LABB_MX] Descargando desde 2026-05-01 → LABB.MX
2026-05-05 13:41:49,944 [INFO]   [LABB_MX] +1 filas nuevas ✓
2026-05-05 13:41:50,744 [INFO]   [LIVEPOLC-1_MX] Descargando desde 2026-05-01 → LIVEPOLC-1.MX
2026-05-05 13:41:50,949 [INFO]   [LIVEPOLC-1_MX] +1 filas nuevas ✓
2026-05-05 13:41:51,750 [INFO]   [MEGACPO_MX] Descargando desde 2026-05-01 → MEGACPO.MX
2026-05-05 13:41:51,919 [INFO]   [MEGACPO_MX] +1 filas nuevas ✓
2026-05-05 13:41:52,719 [INFO]   [OMAB_MX] Descargando desde 2026-05-01 → OMAB.MX
2026-05-05 13:41:52,931 [INFO]   [OMAB_MX] +1 filas nuevas ✓
2026-05-05 13:41:53,731 [INFO]   [ORBIA_MX] Descargando desde 2026-05-01 → ORBIA.MX
2026-05-05 13:41:53,949 [INFO]   [ORBIA_MX] +1 filas nuevas ✓
2026-05-05 13:41:54,749 [INFO]   [PE&OLES_MX] Descargando desde 2026-05-01 → PE&OLES.MX
2026-05-05 13:41:54,968 [INFO]   [PE&OLES_MX] +1 filas nuevas ✓
2026-05-05 13:41:55,768 [INFO]   [PINFRAL_MX] Descargando desde 2026-05-01 → PINFRAL.MX
2026-05-05 13:41:55,929 [INFO]   [PINFRAL_MX] +1 filas nuevas ✓
2026-05-05 13:41:56,729 [INFO]   [Q_MX] Descargando desde 2026-05-01 → Q.MX
2026-05-05 13:41:56,894 [INFO]   [Q_MX] +1 filas nuevas ✓
2026-05-05 13:41:57,695 [INFO]   [RA_MX] Descargando desde 2026-05-01 → RA.MX
2026-05-05 13:41:57,865 [INFO]   [RA_MX] +1 filas nuevas ✓
2026-05-05 13:41:58,665 [INFO]   [TLEVISACPO_MX] Descargando desde 2026-05-01 → TLEVISACPO.MX
2026-05-05 13:41:58,888 [INFO]   [TLEVISACPO_MX] +1 filas nuevas ✓
2026-05-05 13:41:59,689 [INFO]   [VESTA_MX] Descargando desde 2026-05-01 → VESTA.MX
2026-05-05 13:41:59,860 [INFO]   [VESTA_MX] +1 filas nuevas ✓
2026-05-05 13:42:00,660 [INFO]   [VOLARA_MX] Descargando desde 2026-05-01 → VOLARA.MX
2026-05-05 13:42:00,867 [INFO]   [VOLARA_MX] +1 filas nuevas ✓
2026-05-05 13:42:01,668 [INFO]   [WALMEX_MX] Descargando desde 2026-05-01 → WALMEX.MX
2026-05-05 13:42:01,857 [INFO]   [WALMEX_MX] +1 filas nuevas ✓
2026-05-05 13:42:03,463 [INFO] 
✅ CSV actualizado: datos/market_prices.csv  (180,489 filas totales, +33 nuevas)
2026-05-05 13:42:03,465 [INFO] 
── Resumen ──────────────────────────────────────
2026-05-05 13:42:03,465 [INFO]   Tickers actualizados: 33
2026-05-05 13:42:03,465 [INFO]   Tickers sin cambios:  0
2026-05-05 13:42:03,465 [INFO]   Tickers con error:    1
2026-05-05 13:42:03,465 [INFO]   Filas nuevas totales: 33
2026-05-05 13:42:03,465 [INFO] ──────────────────────────────────────────────────
2026-05-06 13:41:01,976 [INFO] ============================================================
2026-05-06 13:41:01,976 [INFO]   ACTUALIZACIÓN DIARIA DE DATOS — 2026-05-06 13:41 UTC
2026-05-06 13:41:01,976 [INFO] ============================================================
2026-05-06 13:41:01,976 [INFO] Leyendo CSV existente: datos/market_prices.csv
2026-05-06 13:41:02,120 [INFO] Tickers detectados: 34
2026-05-06 13:41:02,141 [INFO] Fecha hoy (CDMX): 2026-05-06
2026-05-06 13:41:02,141 [INFO]   [AC_MX] Descargando desde 2026-05-05 → AC.MX
2026-05-06 13:41:02,733 [INFO]   [AC_MX] +1 filas nuevas ✓
2026-05-06 13:41:03,534 [INFO]   [ALPEKA_MX] Descargando desde 2026-05-05 → ALPEKA.MX
2026-05-06 13:41:03,699 [INFO]   [ALPEKA_MX] +1 filas nuevas ✓
2026-05-06 13:41:04,499 [INFO]   [ALSEA_MX] Descargando desde 2026-05-05 → ALSEA.MX
2026-05-06 13:41:04,698 [INFO]   [ALSEA_MX] +1 filas nuevas ✓
2026-05-06 13:41:05,498 [INFO]   [AMXB_MX] Descargando desde 2026-05-05 → AMXB.MX
2026-05-06 13:41:05,680 [INFO]   [AMXB_MX] +1 filas nuevas ✓
2026-05-06 13:41:06,481 [INFO]   [ASURB_MX] Descargando desde 2026-05-05 → ASURB.MX
2026-05-06 13:41:06,757 [INFO]   [ASURB_MX] +1 filas nuevas ✓
2026-05-06 13:41:07,557 [INFO]   [BBAJIOO_MX] Descargando desde 2026-05-05 → BBAJIOO.MX
2026-05-06 13:41:07,672 [INFO]   [BBAJIOO_MX] +1 filas nuevas ✓
2026-05-06 13:41:08,473 [INFO]   [BIMBOA_MX] Descargando desde 2026-05-05 → BIMBOA.MX
2026-05-06 13:41:08,646 [INFO]   [BIMBOA_MX] +1 filas nuevas ✓
2026-05-06 13:41:09,447 [INFO]   [BOLSAA_MX] Descargando desde 2026-05-05 → BOLSAA.MX
2026-05-06 13:41:09,638 [INFO]   [BOLSAA_MX] +1 filas nuevas ✓
2026-05-06 13:41:10,439 [INFO]   [CEMEXCPO_MX] Descargando desde 2026-05-05 → CEMEXCPO.MX
2026-05-06 13:41:10,611 [INFO]   [CEMEXCPO_MX] +1 filas nuevas ✓
2026-05-06 13:41:11,412 [INFO]   [CUERVO_MX] Descargando desde 2026-05-05 → CUERVO.MX
2026-05-06 13:41:11,517 [INFO]   [CUERVO_MX] +1 filas nuevas ✓
2026-05-06 13:41:12,317 [INFO]   [ELEKTRA_MX] Descargando desde 2026-04-28 → ELEKTRA.MX
2026-05-06 13:41:12,465 [ERROR] $ELEKTRA.MX: possibly delisted; no price data found  (1d 2026-04-28 -> 2026-05-06)
2026-05-06 13:41:12,466 [WARNING]   [ELEKTRA_MX] Sin datos nuevos
2026-05-06 13:41:13,266 [INFO]   [FEMSAUBD_MX] Descargando desde 2026-05-05 → FEMSAUBD.MX
2026-05-06 13:41:13,494 [INFO]   [FEMSAUBD_MX] +1 filas nuevas ✓
2026-05-06 13:41:14,295 [INFO]   [GAPB_MX] Descargando desde 2026-05-05 → GAPB.MX
2026-05-06 13:41:14,457 [INFO]   [GAPB_MX] +1 filas nuevas ✓
2026-05-06 13:41:15,258 [INFO]   [GCARSOA1_MX] Descargando desde 2026-05-05 → GCARSOA1.MX
2026-05-06 13:41:15,445 [INFO]   [GCARSOA1_MX] +1 filas nuevas ✓
2026-05-06 13:41:16,245 [INFO]   [GCC_MX] Descargando desde 2026-05-05 → GCC.MX
2026-05-06 13:41:16,981 [INFO]   [GCC_MX] +1 filas nuevas ✓
2026-05-06 13:41:17,781 [INFO]   [GFINBURO_MX] Descargando desde 2026-05-05 → GFINBURO.MX
2026-05-06 13:41:17,965 [INFO]   [GFINBURO_MX] +1 filas nuevas ✓
2026-05-06 13:41:18,765 [INFO]   [GFNORTEO_MX] Descargando desde 2026-05-05 → GFNORTEO.MX
2026-05-06 13:41:18,948 [INFO]   [GFNORTEO_MX] +1 filas nuevas ✓
2026-05-06 13:41:19,749 [INFO]   [GMEXICOB_MX] Descargando desde 2026-05-05 → GMEXICOB.MX
2026-05-06 13:41:19,958 [INFO]   [GMEXICOB_MX] +1 filas nuevas ✓
2026-05-06 13:41:20,759 [INFO]   [GRUMAB_MX] Descargando desde 2026-05-05 → GRUMAB.MX
2026-05-06 13:41:20,931 [INFO]   [GRUMAB_MX] +1 filas nuevas ✓
2026-05-06 13:41:21,731 [INFO]   [KIMBERA_MX] Descargando desde 2026-05-05 → KIMBERA.MX
2026-05-06 13:41:21,924 [INFO]   [KIMBERA_MX] +1 filas nuevas ✓
2026-05-06 13:41:22,725 [INFO]   [KOFUBL_MX] Descargando desde 2026-05-05 → KOFUBL.MX
2026-05-06 13:41:22,843 [INFO]   [KOFUBL_MX] +1 filas nuevas ✓
2026-05-06 13:41:23,643 [INFO]   [LABB_MX] Descargando desde 2026-05-05 → LABB.MX
2026-05-06 13:41:23,785 [INFO]   [LABB_MX] +1 filas nuevas ✓
2026-05-06 13:41:24,586 [INFO]   [LIVEPOLC-1_MX] Descargando desde 2026-05-05 → LIVEPOLC-1.MX
2026-05-06 13:41:24,812 [INFO]   [LIVEPOLC-1_MX] +1 filas nuevas ✓
2026-05-06 13:41:25,612 [INFO]   [MEGACPO_MX] Descargando desde 2026-05-05 → MEGACPO.MX
2026-05-06 13:41:25,899 [INFO]   [MEGACPO_MX] +1 filas nuevas ✓
2026-05-06 13:41:26,699 [INFO]   [OMAB_MX] Descargando desde 2026-05-05 → OMAB.MX
2026-05-06 13:41:26,898 [INFO]   [OMAB_MX] +1 filas nuevas ✓
2026-05-06 13:41:27,699 [INFO]   [ORBIA_MX] Descargando desde 2026-05-05 → ORBIA.MX
2026-05-06 13:41:27,879 [INFO]   [ORBIA_MX] +1 filas nuevas ✓
2026-05-06 13:41:28,680 [INFO]   [PE&OLES_MX] Descargando desde 2026-05-05 → PE&OLES.MX
2026-05-06 13:41:28,824 [INFO]   [PE&OLES_MX] +1 filas nuevas ✓
2026-05-06 13:41:29,624 [INFO]   [PINFRAL_MX] Descargando desde 2026-05-05 → PINFRAL.MX
2026-05-06 13:41:29,800 [INFO]   [PINFRAL_MX] +1 filas nuevas ✓
2026-05-06 13:41:30,601 [INFO]   [Q_MX] Descargando desde 2026-05-05 → Q.MX
2026-05-06 13:41:30,728 [INFO]   [Q_MX] +1 filas nuevas ✓
2026-05-06 13:41:31,528 [INFO]   [RA_MX] Descargando desde 2026-05-05 → RA.MX
2026-05-06 13:41:31,727 [INFO]   [RA_MX] +1 filas nuevas ✓
2026-05-06 13:41:32,528 [INFO]   [TLEVISACPO_MX] Descargando desde 2026-05-05 → TLEVISACPO.MX
2026-05-06 13:41:32,727 [INFO]   [TLEVISACPO_MX] +1 filas nuevas ✓
2026-05-06 13:41:33,527 [INFO]   [VESTA_MX] Descargando desde 2026-05-05 → VESTA.MX
2026-05-06 13:41:33,677 [INFO]   [VESTA_MX] +1 filas nuevas ✓
2026-05-06 13:41:34,478 [INFO]   [VOLARA_MX] Descargando desde 2026-05-05 → VOLARA.MX
2026-05-06 13:41:34,580 [INFO]   [VOLARA_MX] +1 filas nuevas ✓
2026-05-06 13:41:35,380 [INFO]   [WALMEX_MX] Descargando desde 2026-05-05 → WALMEX.MX
2026-05-06 13:41:35,556 [INFO]   [WALMEX_MX] +1 filas nuevas ✓
2026-05-06 13:41:37,143 [INFO] 
✅ CSV actualizado: datos/market_prices.csv  (180,522 filas totales, +33 nuevas)
2026-05-06 13:41:37,145 [INFO] 
── Resumen ──────────────────────────────────────
2026-05-06 13:41:37,145 [INFO]   Tickers actualizados: 33
2026-05-06 13:41:37,145 [INFO]   Tickers sin cambios:  0
2026-05-06 13:41:37,145 [INFO]   Tickers con error:    1
2026-05-06 13:41:37,145 [INFO]   Filas nuevas totales: 33
2026-05-06 13:41:37,145 [INFO] ──────────────────────────────────────────────────
2026-05-07 13:39:58,253 [INFO] ============================================================
2026-05-07 13:39:58,253 [INFO]   ACTUALIZACIÓN DIARIA DE DATOS — 2026-05-07 13:39 UTC
2026-05-07 13:39:58,253 [INFO] ============================================================
2026-05-07 13:39:58,253 [INFO] Leyendo CSV existente: datos/market_prices.csv
2026-05-07 13:39:58,396 [INFO] Tickers detectados: 34
2026-05-07 13:39:58,410 [INFO] Fecha hoy (CDMX): 2026-05-07
2026-05-07 13:39:58,410 [INFO]   [AC_MX] Descargando desde 2026-05-06 → AC.MX
2026-05-07 13:39:59,641 [INFO]   [AC_MX] +1 filas nuevas ✓
2026-05-07 13:40:00,441 [INFO]   [ALPEKA_MX] Descargando desde 2026-05-06 → ALPEKA.MX
2026-05-07 13:40:00,737 [INFO]   [ALPEKA_MX] +1 filas nuevas ✓
2026-05-07 13:40:01,537 [INFO]   [ALSEA_MX] Descargando desde 2026-05-06 → ALSEA.MX
2026-05-07 13:40:01,833 [INFO]   [ALSEA_MX] +1 filas nuevas ✓
2026-05-07 13:40:02,633 [INFO]   [AMXB_MX] Descargando desde 2026-05-06 → AMXB.MX
2026-05-07 13:40:02,930 [INFO]   [AMXB_MX] +1 filas nuevas ✓
2026-05-07 13:40:03,730 [INFO]   [ASURB_MX] Descargando desde 2026-05-06 → ASURB.MX
2026-05-07 13:40:03,994 [INFO]   [ASURB_MX] +1 filas nuevas ✓
2026-05-07 13:40:04,795 [INFO]   [BBAJIOO_MX] Descargando desde 2026-05-06 → BBAJIOO.MX
2026-05-07 13:40:05,107 [INFO]   [BBAJIOO_MX] +1 filas nuevas ✓
2026-05-07 13:40:05,907 [INFO]   [BIMBOA_MX] Descargando desde 2026-05-06 → BIMBOA.MX
2026-05-07 13:40:06,200 [INFO]   [BIMBOA_MX] +1 filas nuevas ✓
2026-05-07 13:40:07,000 [INFO]   [BOLSAA_MX] Descargando desde 2026-05-06 → BOLSAA.MX
2026-05-07 13:40:07,204 [INFO]   [BOLSAA_MX] +1 filas nuevas ✓
2026-05-07 13:40:08,005 [INFO]   [CEMEXCPO_MX] Descargando desde 2026-05-06 → CEMEXCPO.MX
2026-05-07 13:40:08,311 [INFO]   [CEMEXCPO_MX] +1 filas nuevas ✓
2026-05-07 13:40:09,111 [INFO]   [CUERVO_MX] Descargando desde 2026-05-06 → CUERVO.MX
2026-05-07 13:40:09,421 [INFO]   [CUERVO_MX] +1 filas nuevas ✓
2026-05-07 13:40:10,221 [INFO]   [ELEKTRA_MX] Descargando desde 2026-04-28 → ELEKTRA.MX
2026-05-07 13:40:10,631 [ERROR] $ELEKTRA.MX: possibly delisted; no price data found  (1d 2026-04-28 -> 2026-05-07)
2026-05-07 13:40:10,632 [WARNING]   [ELEKTRA_MX] Sin datos nuevos
2026-05-07 13:40:11,432 [INFO]   [FEMSAUBD_MX] Descargando desde 2026-05-06 → FEMSAUBD.MX
2026-05-07 13:40:11,759 [INFO]   [FEMSAUBD_MX] +1 filas nuevas ✓
2026-05-07 13:40:12,559 [INFO]   [GAPB_MX] Descargando desde 2026-05-06 → GAPB.MX
2026-05-07 13:40:12,981 [INFO]   [GAPB_MX] +1 filas nuevas ✓
2026-05-07 13:40:13,781 [INFO]   [GCARSOA1_MX] Descargando desde 2026-05-06 → GCARSOA1.MX
2026-05-07 13:40:14,072 [INFO]   [GCARSOA1_MX] +1 filas nuevas ✓
2026-05-07 13:40:14,872 [INFO]   [GCC_MX] Descargando desde 2026-05-06 → GCC.MX
2026-05-07 13:40:15,202 [INFO]   [GCC_MX] +1 filas nuevas ✓
2026-05-07 13:40:16,002 [INFO]   [GFINBURO_MX] Descargando desde 2026-05-06 → GFINBURO.MX
2026-05-07 13:40:16,332 [INFO]   [GFINBURO_MX] +1 filas nuevas ✓
2026-05-07 13:40:17,133 [INFO]   [GFNORTEO_MX] Descargando desde 2026-05-06 → GFNORTEO.MX
2026-05-07 13:40:17,437 [INFO]   [GFNORTEO_MX] +1 filas nuevas ✓
2026-05-07 13:40:18,238 [INFO]   [GMEXICOB_MX] Descargando desde 2026-05-06 → GMEXICOB.MX
2026-05-07 13:40:18,532 [INFO]   [GMEXICOB_MX] +1 filas nuevas ✓
2026-05-07 13:40:19,333 [INFO]   [GRUMAB_MX] Descargando desde 2026-05-06 → GRUMAB.MX
2026-05-07 13:40:19,649 [INFO]   [GRUMAB_MX] +1 filas nuevas ✓
2026-05-07 13:40:20,449 [INFO]   [KIMBERA_MX] Descargando desde 2026-05-06 → KIMBERA.MX
2026-05-07 13:40:20,764 [INFO]   [KIMBERA_MX] +1 filas nuevas ✓
2026-05-07 13:40:21,564 [INFO]   [KOFUBL_MX] Descargando desde 2026-05-06 → KOFUBL.MX
2026-05-07 13:40:21,803 [INFO]   [KOFUBL_MX] +1 filas nuevas ✓
2026-05-07 13:40:22,604 [INFO]   [LABB_MX] Descargando desde 2026-05-06 → LABB.MX
2026-05-07 13:40:22,885 [INFO]   [LABB_MX] +1 filas nuevas ✓
2026-05-07 13:40:23,685 [INFO]   [LIVEPOLC-1_MX] Descargando desde 2026-05-06 → LIVEPOLC-1.MX
2026-05-07 13:40:23,945 [INFO]   [LIVEPOLC-1_MX] +1 filas nuevas ✓
2026-05-07 13:40:24,746 [INFO]   [MEGACPO_MX] Descargando desde 2026-05-06 → MEGACPO.MX
2026-05-07 13:40:25,139 [INFO]   [MEGACPO_MX] +1 filas nuevas ✓
2026-05-07 13:40:25,939 [INFO]   [OMAB_MX] Descargando desde 2026-05-06 → OMAB.MX
2026-05-07 13:40:26,267 [INFO]   [OMAB_MX] +1 filas nuevas ✓
2026-05-07 13:40:27,068 [INFO]   [ORBIA_MX] Descargando desde 2026-05-06 → ORBIA.MX
2026-05-07 13:40:27,370 [INFO]   [ORBIA_MX] +1 filas nuevas ✓
2026-05-07 13:40:28,170 [INFO]   [PE&OLES_MX] Descargando desde 2026-05-06 → PE&OLES.MX
2026-05-07 13:40:28,437 [INFO]   [PE&OLES_MX] +1 filas nuevas ✓
2026-05-07 13:40:29,238 [INFO]   [PINFRAL_MX] Descargando desde 2026-05-06 → PINFRAL.MX
2026-05-07 13:40:29,491 [INFO]   [PINFRAL_MX] +1 filas nuevas ✓
2026-05-07 13:40:30,292 [INFO]   [Q_MX] Descargando desde 2026-05-06 → Q.MX
2026-05-07 13:40:30,565 [INFO]   [Q_MX] +1 filas nuevas ✓
2026-05-07 13:40:31,366 [INFO]   [RA_MX] Descargando desde 2026-05-06 → RA.MX
2026-05-07 13:40:31,632 [INFO]   [RA_MX] +1 filas nuevas ✓
2026-05-07 13:40:32,432 [INFO]   [TLEVISACPO_MX] Descargando desde 2026-05-06 → TLEVISACPO.MX
2026-05-07 13:40:32,747 [INFO]   [TLEVISACPO_MX] +1 filas nuevas ✓
2026-05-07 13:40:33,547 [INFO]   [VESTA_MX] Descargando desde 2026-05-06 → VESTA.MX
2026-05-07 13:40:33,800 [INFO]   [VESTA_MX] +1 filas nuevas ✓
2026-05-07 13:40:34,601 [INFO]   [VOLARA_MX] Descargando desde 2026-05-06 → VOLARA.MX
2026-05-07 13:40:34,894 [INFO]   [VOLARA_MX] +1 filas nuevas ✓
2026-05-07 13:40:35,695 [INFO]   [WALMEX_MX] Descargando desde 2026-05-06 → WALMEX.MX
2026-05-07 13:40:35,954 [INFO]   [WALMEX_MX] +1 filas nuevas ✓
2026-05-07 13:40:37,526 [INFO] 
✅ CSV actualizado: datos/market_prices.csv  (180,555 filas totales, +33 nuevas)
2026-05-07 13:40:37,528 [INFO] 
── Resumen ──────────────────────────────────────
2026-05-07 13:40:37,528 [INFO]   Tickers actualizados: 33
2026-05-07 13:40:37,528 [INFO]   Tickers sin cambios:  0
2026-05-07 13:40:37,528 [INFO]   Tickers con error:    1
2026-05-07 13:40:37,528 [INFO]   Filas nuevas totales: 33
2026-05-07 13:40:37,528 [INFO] ──────────────────────────────────────────────────
2026-05-08 13:39:09,661 [INFO] ============================================================
2026-05-08 13:39:09,661 [INFO]   ACTUALIZACIÓN DIARIA DE DATOS — 2026-05-08 13:39 UTC
2026-05-08 13:39:09,661 [INFO] ============================================================
2026-05-08 13:39:09,661 [INFO] Leyendo CSV existente: datos/market_prices.csv
2026-05-08 13:39:09,810 [INFO] Tickers detectados: 34
2026-05-08 13:39:09,829 [INFO] Fecha hoy (CDMX): 2026-05-08
2026-05-08 13:39:09,830 [INFO]   [AC_MX] Descargando desde 2026-05-07 → AC.MX
2026-05-08 13:39:10,201 [INFO]   [AC_MX] +1 filas nuevas ✓
2026-05-08 13:39:11,002 [INFO]   [ALPEKA_MX] Descargando desde 2026-05-07 → ALPEKA.MX
2026-05-08 13:39:11,160 [INFO]   [ALPEKA_MX] +1 filas nuevas ✓
2026-05-08 13:39:11,961 [INFO]   [ALSEA_MX] Descargando desde 2026-05-07 → ALSEA.MX
2026-05-08 13:39:12,139 [INFO]   [ALSEA_MX] +1 filas nuevas ✓
2026-05-08 13:39:12,940 [INFO]   [AMXB_MX] Descargando desde 2026-05-07 → AMXB.MX
2026-05-08 13:39:13,079 [INFO]   [AMXB_MX] +1 filas nuevas ✓
2026-05-08 13:39:13,879 [INFO]   [ASURB_MX] Descargando desde 2026-05-07 → ASURB.MX
2026-05-08 13:39:14,018 [INFO]   [ASURB_MX] +1 filas nuevas ✓
2026-05-08 13:39:14,819 [INFO]   [BBAJIOO_MX] Descargando desde 2026-05-07 → BBAJIOO.MX
2026-05-08 13:39:14,936 [INFO]   [BBAJIOO_MX] +1 filas nuevas ✓
2026-05-08 13:39:15,737 [INFO]   [BIMBOA_MX] Descargando desde 2026-05-07 → BIMBOA.MX
2026-05-08 13:39:15,890 [INFO]   [BIMBOA_MX] +1 filas nuevas ✓
2026-05-08 13:39:16,690 [INFO]   [BOLSAA_MX] Descargando desde 2026-05-07 → BOLSAA.MX
2026-05-08 13:39:16,861 [INFO]   [BOLSAA_MX] +1 filas nuevas ✓
2026-05-08 13:39:17,661 [INFO]   [CEMEXCPO_MX] Descargando desde 2026-05-07 → CEMEXCPO.MX
2026-05-08 13:39:17,822 [INFO]   [CEMEXCPO_MX] +1 filas nuevas ✓
2026-05-08 13:39:18,623 [INFO]   [CUERVO_MX] Descargando desde 2026-05-07 → CUERVO.MX
2026-05-08 13:39:18,744 [INFO]   [CUERVO_MX] +1 filas nuevas ✓
2026-05-08 13:39:19,544 [INFO]   [ELEKTRA_MX] Descargando desde 2026-04-28 → ELEKTRA.MX
2026-05-08 13:39:19,714 [ERROR] $ELEKTRA.MX: possibly delisted; no price data found  (1d 2026-04-28 -> 2026-05-08)
2026-05-08 13:39:19,714 [WARNING]   [ELEKTRA_MX] Sin datos nuevos
2026-05-08 13:39:20,514 [INFO]   [FEMSAUBD_MX] Descargando desde 2026-05-07 → FEMSAUBD.MX
2026-05-08 13:39:20,670 [INFO]   [FEMSAUBD_MX] +1 filas nuevas ✓
2026-05-08 13:39:21,471 [INFO]   [GAPB_MX] Descargando desde 2026-05-07 → GAPB.MX
2026-05-08 13:39:21,734 [INFO]   [GAPB_MX] +1 filas nuevas ✓
2026-05-08 13:39:22,535 [INFO]   [GCARSOA1_MX] Descargando desde 2026-05-07 → GCARSOA1.MX
2026-05-08 13:39:22,690 [INFO]   [GCARSOA1_MX] +1 filas nuevas ✓
2026-05-08 13:39:23,490 [INFO]   [GCC_MX] Descargando desde 2026-05-07 → GCC.MX
2026-05-08 13:39:23,638 [INFO]   [GCC_MX] +1 filas nuevas ✓
2026-05-08 13:39:24,438 [INFO]   [GFINBURO_MX] Descargando desde 2026-05-07 → GFINBURO.MX
2026-05-08 13:39:24,637 [INFO]   [GFINBURO_MX] +1 filas nuevas ✓
2026-05-08 13:39:25,437 [INFO]   [GFNORTEO_MX] Descargando desde 2026-05-07 → GFNORTEO.MX
2026-05-08 13:39:25,577 [INFO]   [GFNORTEO_MX] +1 filas nuevas ✓
2026-05-08 13:39:26,378 [INFO]   [GMEXICOB_MX] Descargando desde 2026-05-07 → GMEXICOB.MX
2026-05-08 13:39:26,568 [INFO]   [GMEXICOB_MX] +1 filas nuevas ✓
2026-05-08 13:39:27,369 [INFO]   [GRUMAB_MX] Descargando desde 2026-05-07 → GRUMAB.MX
2026-05-08 13:39:27,831 [INFO]   [GRUMAB_MX] +1 filas nuevas ✓
2026-05-08 13:39:28,632 [INFO]   [KIMBERA_MX] Descargando desde 2026-05-07 → KIMBERA.MX
2026-05-08 13:39:28,858 [INFO]   [KIMBERA_MX] +1 filas nuevas ✓
2026-05-08 13:39:29,658 [INFO]   [KOFUBL_MX] Descargando desde 2026-05-07 → KOFUBL.MX
2026-05-08 13:39:29,780 [INFO]   [KOFUBL_MX] +1 filas nuevas ✓
2026-05-08 13:39:30,581 [INFO]   [LABB_MX] Descargando desde 2026-05-07 → LABB.MX
2026-05-08 13:39:30,683 [INFO]   [LABB_MX] +1 filas nuevas ✓
2026-05-08 13:39:31,483 [INFO]   [LIVEPOLC-1_MX] Descargando desde 2026-05-07 → LIVEPOLC-1.MX
2026-05-08 13:39:31,662 [INFO]   [LIVEPOLC-1_MX] +1 filas nuevas ✓
2026-05-08 13:39:32,462 [INFO]   [MEGACPO_MX] Descargando desde 2026-05-07 → MEGACPO.MX
2026-05-08 13:39:32,689 [INFO]   [MEGACPO_MX] +1 filas nuevas ✓
2026-05-08 13:39:33,489 [INFO]   [OMAB_MX] Descargando desde 2026-05-07 → OMAB.MX
2026-05-08 13:39:33,631 [INFO]   [OMAB_MX] +1 filas nuevas ✓
2026-05-08 13:39:34,431 [INFO]   [ORBIA_MX] Descargando desde 2026-05-07 → ORBIA.MX
2026-05-08 13:39:34,596 [INFO]   [ORBIA_MX] +1 filas nuevas ✓
2026-05-08 13:39:35,396 [INFO]   [PE&OLES_MX] Descargando desde 2026-05-07 → PE&OLES.MX
2026-05-08 13:39:35,533 [INFO]   [PE&OLES_MX] +1 filas nuevas ✓
2026-05-08 13:39:36,333 [INFO]   [PINFRAL_MX] Descargando desde 2026-05-07 → PINFRAL.MX
2026-05-08 13:39:36,471 [INFO]   [PINFRAL_MX] +1 filas nuevas ✓
2026-05-08 13:39:37,272 [INFO]   [Q_MX] Descargando desde 2026-05-07 → Q.MX
2026-05-08 13:39:37,388 [INFO]   [Q_MX] +1 filas nuevas ✓
2026-05-08 13:39:38,189 [INFO]   [RA_MX] Descargando desde 2026-05-07 → RA.MX
2026-05-08 13:39:38,304 [INFO]   [RA_MX] +1 filas nuevas ✓
2026-05-08 13:39:39,105 [INFO]   [TLEVISACPO_MX] Descargando desde 2026-05-07 → TLEVISACPO.MX
2026-05-08 13:39:39,256 [INFO]   [TLEVISACPO_MX] +1 filas nuevas ✓
2026-05-08 13:39:40,056 [INFO]   [VESTA_MX] Descargando desde 2026-05-07 → VESTA.MX
2026-05-08 13:39:40,248 [INFO]   [VESTA_MX] +1 filas nuevas ✓
2026-05-08 13:39:41,048 [INFO]   [VOLARA_MX] Descargando desde 2026-05-07 → VOLARA.MX
2026-05-08 13:39:41,238 [INFO]   [VOLARA_MX] +1 filas nuevas ✓
2026-05-08 13:39:42,038 [INFO]   [WALMEX_MX] Descargando desde 2026-05-07 → WALMEX.MX
2026-05-08 13:39:42,316 [INFO]   [WALMEX_MX] +1 filas nuevas ✓
2026-05-08 13:39:43,898 [INFO] 
✅ CSV actualizado: datos/market_prices.csv  (180,588 filas totales, +33 nuevas)
2026-05-08 13:39:43,900 [INFO] 
── Resumen ──────────────────────────────────────
2026-05-08 13:39:43,900 [INFO]   Tickers actualizados: 33
2026-05-08 13:39:43,900 [INFO]   Tickers sin cambios:  0
2026-05-08 13:39:43,900 [INFO]   Tickers con error:    1
2026-05-08 13:39:43,900 [INFO]   Filas nuevas totales: 33
2026-05-08 13:39:43,900 [INFO] ──────────────────────────────────────────────────
2026-05-08 19:26:22,221 [INFO] ============================================================
2026-05-08 19:26:22,221 [INFO]   ACTUALIZACIÓN DIARIA DE DATOS — 2026-05-08 19:26 UTC
2026-05-08 19:26:22,221 [INFO] ============================================================
2026-05-08 19:26:22,221 [INFO] Leyendo CSV existente: datos/market_prices.csv
2026-05-08 19:26:22,373 [INFO] Tickers detectados: 34
2026-05-08 19:26:22,386 [INFO] Fecha hoy (CDMX): 2026-05-08
2026-05-08 19:26:22,386 [INFO]   [AC_MX] Descargando desde 2026-05-08 → AC.MX
2026-05-08 19:26:22,731 [INFO]   [AC_MX] +1 filas nuevas ✓
2026-05-08 19:26:23,532 [INFO]   [ALPEKA_MX] Descargando desde 2026-05-08 → ALPEKA.MX
2026-05-08 19:26:23,683 [INFO]   [ALPEKA_MX] +1 filas nuevas ✓
2026-05-08 19:26:24,483 [INFO]   [ALSEA_MX] Descargando desde 2026-05-08 → ALSEA.MX
2026-05-08 19:26:24,634 [INFO]   [ALSEA_MX] +1 filas nuevas ✓
2026-05-08 19:26:25,434 [INFO]   [AMXB_MX] Descargando desde 2026-05-08 → AMXB.MX
2026-05-08 19:26:25,643 [INFO]   [AMXB_MX] +1 filas nuevas ✓
2026-05-08 19:26:26,443 [INFO]   [ASURB_MX] Descargando desde 2026-05-08 → ASURB.MX
2026-05-08 19:26:26,643 [INFO]   [ASURB_MX] +1 filas nuevas ✓
2026-05-08 19:26:27,443 [INFO]   [BBAJIOO_MX] Descargando desde 2026-05-08 → BBAJIOO.MX
2026-05-08 19:26:27,552 [INFO]   [BBAJIOO_MX] +1 filas nuevas ✓
2026-05-08 19:26:28,352 [INFO]   [BIMBOA_MX] Descargando desde 2026-05-08 → BIMBOA.MX
2026-05-08 19:26:28,561 [INFO]   [BIMBOA_MX] +1 filas nuevas ✓
2026-05-08 19:26:29,362 [INFO]   [BOLSAA_MX] Descargando desde 2026-05-08 → BOLSAA.MX
2026-05-08 19:26:29,490 [INFO]   [BOLSAA_MX] +1 filas nuevas ✓
2026-05-08 19:26:30,291 [INFO]   [CEMEXCPO_MX] Descargando desde 2026-05-08 → CEMEXCPO.MX
2026-05-08 19:26:30,445 [INFO]   [CEMEXCPO_MX] +1 filas nuevas ✓
2026-05-08 19:26:31,246 [INFO]   [CUERVO_MX] Descargando desde 2026-05-08 → CUERVO.MX
2026-05-08 19:26:31,344 [INFO]   [CUERVO_MX] +1 filas nuevas ✓
2026-05-08 19:26:32,145 [INFO]   [ELEKTRA_MX] Descargando desde 2026-04-28 → ELEKTRA.MX
2026-05-08 19:26:32,325 [ERROR] $ELEKTRA.MX: possibly delisted; no price data found  (1d 2026-04-28 -> 2026-05-08)
2026-05-08 19:26:32,326 [WARNING]   [ELEKTRA_MX] Sin datos nuevos
2026-05-08 19:26:33,126 [INFO]   [FEMSAUBD_MX] Descargando desde 2026-05-08 → FEMSAUBD.MX
2026-05-08 19:26:33,275 [INFO]   [FEMSAUBD_MX] +1 filas nuevas ✓
2026-05-08 19:26:34,075 [INFO]   [GAPB_MX] Descargando desde 2026-05-08 → GAPB.MX
2026-05-08 19:26:34,371 [INFO]   [GAPB_MX] +1 filas nuevas ✓
2026-05-08 19:26:35,171 [INFO]   [GCARSOA1_MX] Descargando desde 2026-05-08 → GCARSOA1.MX
2026-05-08 19:26:35,348 [INFO]   [GCARSOA1_MX] +1 filas nuevas ✓
2026-05-08 19:26:36,148 [INFO]   [GCC_MX] Descargando desde 2026-05-08 → GCC.MX
2026-05-08 19:26:36,300 [INFO]   [GCC_MX] +1 filas nuevas ✓
2026-05-08 19:26:37,101 [INFO]   [GFINBURO_MX] Descargando desde 2026-05-08 → GFINBURO.MX
2026-05-08 19:26:37,245 [INFO]   [GFINBURO_MX] +1 filas nuevas ✓
2026-05-08 19:26:38,046 [INFO]   [GFNORTEO_MX] Descargando desde 2026-05-08 → GFNORTEO.MX
2026-05-08 19:26:38,187 [INFO]   [GFNORTEO_MX] +1 filas nuevas ✓
2026-05-08 19:26:38,987 [INFO]   [GMEXICOB_MX] Descargando desde 2026-05-08 → GMEXICOB.MX
2026-05-08 19:26:39,168 [INFO]   [GMEXICOB_MX] +1 filas nuevas ✓
2026-05-08 19:26:39,968 [INFO]   [GRUMAB_MX] Descargando desde 2026-05-08 → GRUMAB.MX
2026-05-08 19:26:40,529 [INFO]   [GRUMAB_MX] +1 filas nuevas ✓
2026-05-08 19:26:41,329 [INFO]   [KIMBERA_MX] Descargando desde 2026-05-08 → KIMBERA.MX
2026-05-08 19:26:41,490 [INFO]   [KIMBERA_MX] +1 filas nuevas ✓
2026-05-08 19:26:42,290 [INFO]   [KOFUBL_MX] Descargando desde 2026-05-08 → KOFUBL.MX
2026-05-08 19:26:42,385 [INFO]   [KOFUBL_MX] +1 filas nuevas ✓
2026-05-08 19:26:43,186 [INFO]   [LABB_MX] Descargando desde 2026-05-08 → LABB.MX
2026-05-08 19:26:43,307 [INFO]   [LABB_MX] +1 filas nuevas ✓
2026-05-08 19:26:44,107 [INFO]   [LIVEPOLC-1_MX] Descargando desde 2026-05-08 → LIVEPOLC-1.MX
2026-05-08 19:26:44,267 [INFO]   [LIVEPOLC-1_MX] +1 filas nuevas ✓
2026-05-08 19:26:45,068 [INFO]   [MEGACPO_MX] Descargando desde 2026-05-08 → MEGACPO.MX
2026-05-08 19:26:45,218 [INFO]   [MEGACPO_MX] +1 filas nuevas ✓
2026-05-08 19:26:46,018 [INFO]   [OMAB_MX] Descargando desde 2026-05-08 → OMAB.MX
2026-05-08 19:26:46,177 [INFO]   [OMAB_MX] +1 filas nuevas ✓
2026-05-08 19:26:46,978 [INFO]   [ORBIA_MX] Descargando desde 2026-05-08 → ORBIA.MX
2026-05-08 19:26:47,129 [INFO]   [ORBIA_MX] +1 filas nuevas ✓
2026-05-08 19:26:47,930 [INFO]   [PE&OLES_MX] Descargando desde 2026-05-08 → PE&OLES.MX
2026-05-08 19:26:48,076 [INFO]   [PE&OLES_MX] +1 filas nuevas ✓
2026-05-08 19:26:48,876 [INFO]   [PINFRAL_MX] Descargando desde 2026-05-08 → PINFRAL.MX
2026-05-08 19:26:48,985 [INFO]   [PINFRAL_MX] +1 filas nuevas ✓
2026-05-08 19:26:49,786 [INFO]   [Q_MX] Descargando desde 2026-05-08 → Q.MX
2026-05-08 19:26:49,900 [INFO]   [Q_MX] +1 filas nuevas ✓
2026-05-08 19:26:50,700 [INFO]   [RA_MX] Descargando desde 2026-05-08 → RA.MX
2026-05-08 19:26:50,809 [INFO]   [RA_MX] +1 filas nuevas ✓
2026-05-08 19:26:51,609 [INFO]   [TLEVISACPO_MX] Descargando desde 2026-05-08 → TLEVISACPO.MX
2026-05-08 19:26:51,765 [INFO]   [TLEVISACPO_MX] +1 filas nuevas ✓
2026-05-08 19:26:52,565 [INFO]   [VESTA_MX] Descargando desde 2026-05-08 → VESTA.MX
2026-05-08 19:26:53,488 [INFO]   [VESTA_MX] +1 filas nuevas ✓
2026-05-08 19:26:54,288 [INFO]   [VOLARA_MX] Descargando desde 2026-05-08 → VOLARA.MX
2026-05-08 19:26:54,376 [INFO]   [VOLARA_MX] +1 filas nuevas ✓
2026-05-08 19:26:55,176 [INFO]   [WALMEX_MX] Descargando desde 2026-05-08 → WALMEX.MX
2026-05-08 19:26:55,339 [INFO]   [WALMEX_MX] +1 filas nuevas ✓
2026-05-08 19:26:56,959 [INFO] 
✅ CSV actualizado: datos/market_prices.csv  (180,621 filas totales, +33 nuevas)
2026-05-08 19:26:56,961 [INFO] 
── Resumen ──────────────────────────────────────
2026-05-08 19:26:56,961 [INFO]   Tickers actualizados: 33
2026-05-08 19:26:56,961 [INFO]   Tickers sin cambios:  0
2026-05-08 19:26:56,961 [INFO]   Tickers con error:    1
2026-05-08 19:26:56,961 [INFO]   Filas nuevas totales: 33
2026-05-08 19:26:56,961 [INFO] ──────────────────────────────────────────────────
2026-05-11 21:28:24,852 [INFO] ============================================================
2026-05-11 21:28:24,852 [INFO]   ACTUALIZACIÓN DIARIA DE DATOS — 2026-05-11 21:28 UTC
2026-05-11 21:28:24,852 [INFO] ============================================================
2026-05-11 21:28:24,852 [INFO] Leyendo CSV existente: datos/market_prices.csv
2026-05-11 21:28:25,001 [INFO] Tickers detectados: 34
2026-05-11 21:28:25,019 [INFO] Fecha hoy (CDMX): 2026-05-11
2026-05-11 21:28:25,020 [INFO]   [AC_MX] Descargando desde 2026-05-09 → AC.MX
2026-05-11 21:28:25,309 [INFO]   [AC_MX] +1 filas nuevas ✓
2026-05-11 21:28:26,110 [INFO]   [ALPEKA_MX] Descargando desde 2026-05-09 → ALPEKA.MX
2026-05-11 21:28:26,289 [INFO]   [ALPEKA_MX] +1 filas nuevas ✓
2026-05-11 21:28:27,090 [INFO]   [ALSEA_MX] Descargando desde 2026-05-09 → ALSEA.MX
2026-05-11 21:28:27,255 [INFO]   [ALSEA_MX] +1 filas nuevas ✓
2026-05-11 21:28:28,055 [INFO]   [AMXB_MX] Descargando desde 2026-05-09 → AMXB.MX
2026-05-11 21:28:28,224 [INFO]   [AMXB_MX] +1 filas nuevas ✓
2026-05-11 21:28:29,025 [INFO]   [ASURB_MX] Descargando desde 2026-05-09 → ASURB.MX
2026-05-11 21:28:29,173 [INFO]   [ASURB_MX] +1 filas nuevas ✓
2026-05-11 21:28:29,974 [INFO]   [BBAJIOO_MX] Descargando desde 2026-05-09 → BBAJIOO.MX
2026-05-11 21:28:30,096 [INFO]   [BBAJIOO_MX] +1 filas nuevas ✓
2026-05-11 21:28:30,897 [INFO]   [BIMBOA_MX] Descargando desde 2026-05-09 → BIMBOA.MX
2026-05-11 21:28:31,064 [INFO]   [BIMBOA_MX] +1 filas nuevas ✓
2026-05-11 21:28:31,865 [INFO]   [BOLSAA_MX] Descargando desde 2026-05-09 → BOLSAA.MX
2026-05-11 21:28:31,996 [INFO]   [BOLSAA_MX] +1 filas nuevas ✓
2026-05-11 21:28:32,797 [INFO]   [CEMEXCPO_MX] Descargando desde 2026-05-09 → CEMEXCPO.MX
2026-05-11 21:28:32,959 [INFO]   [CEMEXCPO_MX] +1 filas nuevas ✓
2026-05-11 21:28:33,759 [INFO]   [CUERVO_MX] Descargando desde 2026-05-09 → CUERVO.MX
2026-05-11 21:28:33,891 [INFO]   [CUERVO_MX] +1 filas nuevas ✓
2026-05-11 21:28:34,691 [INFO]   [ELEKTRA_MX] Descargando desde 2026-04-28 → ELEKTRA.MX
2026-05-11 21:28:34,958 [ERROR] HTTP Error 404: {"quoteSummary":{"result":null,"error":{"code":"Not Found","description":"Quote not found for symbol: ELEKTRA.MX"}}}
2026-05-11 21:28:35,040 [ERROR] $ELEKTRA.MX: possibly delisted; no timezone found
2026-05-11 21:28:35,040 [WARNING]   [ELEKTRA_MX] Sin datos nuevos
2026-05-11 21:28:35,841 [INFO]   [FEMSAUBD_MX] Descargando desde 2026-05-09 → FEMSAUBD.MX
2026-05-11 21:28:35,998 [INFO]   [FEMSAUBD_MX] +1 filas nuevas ✓
2026-05-11 21:28:36,798 [INFO]   [GAPB_MX] Descargando desde 2026-05-09 → GAPB.MX
2026-05-11 21:28:36,935 [INFO]   [GAPB_MX] +1 filas nuevas ✓
2026-05-11 21:28:37,735 [INFO]   [GCARSOA1_MX] Descargando desde 2026-05-09 → GCARSOA1.MX
2026-05-11 21:28:37,906 [INFO]   [GCARSOA1_MX] +1 filas nuevas ✓
2026-05-11 21:28:38,706 [INFO]   [GCC_MX] Descargando desde 2026-05-09 → GCC.MX
2026-05-11 21:28:38,914 [INFO]   [GCC_MX] +1 filas nuevas ✓
2026-05-11 21:28:39,714 [INFO]   [GFINBURO_MX] Descargando desde 2026-05-09 → GFINBURO.MX
2026-05-11 21:28:39,872 [INFO]   [GFINBURO_MX] +1 filas nuevas ✓
2026-05-11 21:28:40,672 [INFO]   [GFNORTEO_MX] Descargando desde 2026-05-09 → GFNORTEO.MX
2026-05-11 21:28:40,814 [INFO]   [GFNORTEO_MX] +1 filas nuevas ✓
2026-05-11 21:28:41,615 [INFO]   [GMEXICOB_MX] Descargando desde 2026-05-09 → GMEXICOB.MX
2026-05-11 21:28:41,807 [INFO]   [GMEXICOB_MX] +1 filas nuevas ✓
2026-05-11 21:28:42,607 [INFO]   [GRUMAB_MX] Descargando desde 2026-05-09 → GRUMAB.MX
2026-05-11 21:28:42,769 [INFO]   [GRUMAB_MX] +1 filas nuevas ✓
2026-05-11 21:28:43,569 [INFO]   [KIMBERA_MX] Descargando desde 2026-05-09 → KIMBERA.MX
2026-05-11 21:28:43,723 [INFO]   [KIMBERA_MX] +1 filas nuevas ✓
2026-05-11 21:28:44,523 [INFO]   [KOFUBL_MX] Descargando desde 2026-05-09 → KOFUBL.MX
2026-05-11 21:28:44,638 [INFO]   [KOFUBL_MX] +1 filas nuevas ✓
2026-05-11 21:28:45,438 [INFO]   [LABB_MX] Descargando desde 2026-05-09 → LABB.MX
2026-05-11 21:28:45,587 [INFO]   [LABB_MX] +1 filas nuevas ✓
2026-05-11 21:28:46,388 [INFO]   [LIVEPOLC-1_MX] Descargando desde 2026-05-09 → LIVEPOLC-1.MX
2026-05-11 21:28:46,584 [INFO]   [LIVEPOLC-1_MX] +1 filas nuevas ✓
2026-05-11 21:28:47,384 [INFO]   [MEGACPO_MX] Descargando desde 2026-05-09 → MEGACPO.MX
2026-05-11 21:28:47,528 [INFO]   [MEGACPO_MX] +1 filas nuevas ✓
2026-05-11 21:28:48,328 [INFO]   [OMAB_MX] Descargando desde 2026-05-09 → OMAB.MX
2026-05-11 21:28:48,516 [INFO]   [OMAB_MX] +1 filas nuevas ✓
2026-05-11 21:28:49,317 [INFO]   [ORBIA_MX] Descargando desde 2026-05-09 → ORBIA.MX
2026-05-11 21:28:49,529 [INFO]   [ORBIA_MX] +1 filas nuevas ✓
2026-05-11 21:28:50,330 [INFO]   [PE&OLES_MX] Descargando desde 2026-05-09 → PE&OLES.MX
2026-05-11 21:28:50,483 [INFO]   [PE&OLES_MX] +1 filas nuevas ✓
2026-05-11 21:28:51,284 [INFO]   [PINFRAL_MX] Descargando desde 2026-05-09 → PINFRAL.MX
2026-05-11 21:28:51,386 [INFO]   [PINFRAL_MX] +1 filas nuevas ✓
2026-05-11 21:28:52,187 [INFO]   [Q_MX] Descargando desde 2026-05-09 → Q.MX
2026-05-11 21:28:52,296 [INFO]   [Q_MX] +1 filas nuevas ✓
2026-05-11 21:28:53,097 [INFO]   [RA_MX] Descargando desde 2026-05-09 → RA.MX
2026-05-11 21:28:53,226 [INFO]   [RA_MX] +1 filas nuevas ✓
2026-05-11 21:28:54,027 [INFO]   [TLEVISACPO_MX] Descargando desde 2026-05-09 → TLEVISACPO.MX
2026-05-11 21:28:54,177 [INFO]   [TLEVISACPO_MX] +1 filas nuevas ✓
2026-05-11 21:28:54,977 [INFO]   [VESTA_MX] Descargando desde 2026-05-09 → VESTA.MX
2026-05-11 21:28:55,097 [INFO]   [VESTA_MX] +1 filas nuevas ✓
2026-05-11 21:28:55,898 [INFO]   [VOLARA_MX] Descargando desde 2026-05-09 → VOLARA.MX
2026-05-11 21:28:55,997 [INFO]   [VOLARA_MX] +1 filas nuevas ✓
2026-05-11 21:28:56,797 [INFO]   [WALMEX_MX] Descargando desde 2026-05-09 → WALMEX.MX
2026-05-11 21:28:56,925 [INFO]   [WALMEX_MX] +1 filas nuevas ✓
2026-05-11 21:28:58,515 [INFO] 
✅ CSV actualizado: datos/market_prices.csv  (180,654 filas totales, +33 nuevas)
2026-05-11 21:28:58,517 [INFO] 
── Resumen ──────────────────────────────────────
2026-05-11 21:28:58,517 [INFO]   Tickers actualizados: 33
2026-05-11 21:28:58,517 [INFO]   Tickers sin cambios:  0
2026-05-11 21:28:58,517 [INFO]   Tickers con error:    1
2026-05-11 21:28:58,517 [INFO]   Filas nuevas totales: 33
2026-05-11 21:28:58,517 [INFO] ──────────────────────────────────────────────────
2026-05-12 14:16:21,262 [INFO] ============================================================
2026-05-12 14:16:21,262 [INFO]   ACTUALIZACIÓN DIARIA DE DATOS — 2026-05-12 14:16 UTC
2026-05-12 14:16:21,262 [INFO] ============================================================
2026-05-12 14:16:21,262 [INFO] Leyendo CSV existente: datos/market_prices.csv
2026-05-12 14:16:21,409 [INFO] Tickers detectados: 34
2026-05-12 14:16:21,427 [INFO] Fecha hoy (CDMX): 2026-05-12
2026-05-12 14:16:21,427 [INFO]   [AC_MX] Descargando desde 2026-05-12 → AC.MX
2026-05-12 14:16:21,742 [INFO]   [AC_MX] +1 filas nuevas ✓
2026-05-12 14:16:22,542 [INFO]   [ALPEKA_MX] Descargando desde 2026-05-12 → ALPEKA.MX
2026-05-12 14:16:22,673 [INFO]   [ALPEKA_MX] +1 filas nuevas ✓
2026-05-12 14:16:23,474 [INFO]   [ALSEA_MX] Descargando desde 2026-05-12 → ALSEA.MX
2026-05-12 14:16:23,600 [INFO]   [ALSEA_MX] +1 filas nuevas ✓
2026-05-12 14:16:24,400 [INFO]   [AMXB_MX] Descargando desde 2026-05-12 → AMXB.MX
2026-05-12 14:16:24,522 [INFO]   [AMXB_MX] +1 filas nuevas ✓
2026-05-12 14:16:25,322 [INFO]   [ASURB_MX] Descargando desde 2026-05-12 → ASURB.MX
2026-05-12 14:16:25,493 [INFO]   [ASURB_MX] +1 filas nuevas ✓
2026-05-12 14:16:26,293 [INFO]   [BBAJIOO_MX] Descargando desde 2026-05-12 → BBAJIOO.MX
2026-05-12 14:16:26,442 [INFO]   [BBAJIOO_MX] +1 filas nuevas ✓
2026-05-12 14:16:27,242 [INFO]   [BIMBOA_MX] Descargando desde 2026-05-12 → BIMBOA.MX
2026-05-12 14:16:27,413 [INFO]   [BIMBOA_MX] +1 filas nuevas ✓
2026-05-12 14:16:28,213 [INFO]   [BOLSAA_MX] Descargando desde 2026-05-12 → BOLSAA.MX
2026-05-12 14:16:28,339 [INFO]   [BOLSAA_MX] +1 filas nuevas ✓
2026-05-12 14:16:29,139 [INFO]   [CEMEXCPO_MX] Descargando desde 2026-05-12 → CEMEXCPO.MX
2026-05-12 14:16:29,286 [INFO]   [CEMEXCPO_MX] +1 filas nuevas ✓
2026-05-12 14:16:30,087 [INFO]   [CUERVO_MX] Descargando desde 2026-05-12 → CUERVO.MX
2026-05-12 14:16:30,202 [INFO]   [CUERVO_MX] +1 filas nuevas ✓
2026-05-12 14:16:31,002 [INFO]   [ELEKTRA_MX] Descargando desde 2026-04-28 → ELEKTRA.MX
2026-05-12 14:16:31,285 [ERROR] HTTP Error 404: {"quoteSummary":{"result":null,"error":{"code":"Not Found","description":"Quote not found for symbol: ELEKTRA.MX"}}}
2026-05-12 14:16:31,369 [ERROR] $ELEKTRA.MX: possibly delisted; no timezone found
2026-05-12 14:16:31,369 [WARNING]   [ELEKTRA_MX] Sin datos nuevos
2026-05-12 14:16:32,170 [INFO]   [FEMSAUBD_MX] Descargando desde 2026-05-12 → FEMSAUBD.MX
2026-05-12 14:16:32,388 [INFO]   [FEMSAUBD_MX] +1 filas nuevas ✓
2026-05-12 14:16:33,188 [INFO]   [GAPB_MX] Descargando desde 2026-05-12 → GAPB.MX
2026-05-12 14:16:33,315 [INFO]   [GAPB_MX] +1 filas nuevas ✓
2026-05-12 14:16:34,115 [INFO]   [GCARSOA1_MX] Descargando desde 2026-05-12 → GCARSOA1.MX
2026-05-12 14:16:34,281 [INFO]   [GCARSOA1_MX] +1 filas nuevas ✓
2026-05-12 14:16:35,081 [INFO]   [GCC_MX] Descargando desde 2026-05-12 → GCC.MX
2026-05-12 14:16:35,211 [INFO]   [GCC_MX] +1 filas nuevas ✓
2026-05-12 14:16:36,011 [INFO]   [GFINBURO_MX] Descargando desde 2026-05-12 → GFINBURO.MX
2026-05-12 14:16:36,191 [INFO]   [GFINBURO_MX] +1 filas nuevas ✓
2026-05-12 14:16:36,991 [INFO]   [GFNORTEO_MX] Descargando desde 2026-05-12 → GFNORTEO.MX
2026-05-12 14:16:37,155 [INFO]   [GFNORTEO_MX] +1 filas nuevas ✓
2026-05-12 14:16:37,956 [INFO]   [GMEXICOB_MX] Descargando desde 2026-05-12 → GMEXICOB.MX
2026-05-12 14:16:38,119 [INFO]   [GMEXICOB_MX] +1 filas nuevas ✓
2026-05-12 14:16:38,919 [INFO]   [GRUMAB_MX] Descargando desde 2026-05-12 → GRUMAB.MX
2026-05-12 14:16:39,116 [INFO]   [GRUMAB_MX] +1 filas nuevas ✓
2026-05-12 14:16:39,917 [INFO]   [KIMBERA_MX] Descargando desde 2026-05-12 → KIMBERA.MX
2026-05-12 14:16:40,069 [INFO]   [KIMBERA_MX] +1 filas nuevas ✓
2026-05-12 14:16:40,869 [INFO]   [KOFUBL_MX] Descargando desde 2026-05-12 → KOFUBL.MX
2026-05-12 14:16:40,983 [INFO]   [KOFUBL_MX] +1 filas nuevas ✓
2026-05-12 14:16:41,784 [INFO]   [LABB_MX] Descargando desde 2026-05-12 → LABB.MX
2026-05-12 14:16:41,905 [INFO]   [LABB_MX] +1 filas nuevas ✓
2026-05-12 14:16:42,705 [INFO]   [LIVEPOLC-1_MX] Descargando desde 2026-05-12 → LIVEPOLC-1.MX
2026-05-12 14:16:42,869 [INFO]   [LIVEPOLC-1_MX] +1 filas nuevas ✓
2026-05-12 14:16:43,669 [INFO]   [MEGACPO_MX] Descargando desde 2026-05-12 → MEGACPO.MX
2026-05-12 14:16:43,963 [INFO]   [MEGACPO_MX] +1 filas nuevas ✓
2026-05-12 14:16:44,763 [INFO]   [OMAB_MX] Descargando desde 2026-05-12 → OMAB.MX
2026-05-12 14:16:44,949 [INFO]   [OMAB_MX] +1 filas nuevas ✓
2026-05-12 14:16:45,750 [INFO]   [ORBIA_MX] Descargando desde 2026-05-12 → ORBIA.MX
2026-05-12 14:16:45,971 [INFO]   [ORBIA_MX] +1 filas nuevas ✓
2026-05-12 14:16:46,771 [INFO]   [PE&OLES_MX] Descargando desde 2026-05-12 → PE&OLES.MX
2026-05-12 14:16:46,922 [INFO]   [PE&OLES_MX] +1 filas nuevas ✓
2026-05-12 14:16:47,723 [INFO]   [PINFRAL_MX] Descargando desde 2026-05-12 → PINFRAL.MX
2026-05-12 14:16:47,821 [INFO]   [PINFRAL_MX] +1 filas nuevas ✓
2026-05-12 14:16:48,622 [INFO]   [Q_MX] Descargando desde 2026-05-12 → Q.MX
2026-05-12 14:16:48,725 [INFO]   [Q_MX] +1 filas nuevas ✓
2026-05-12 14:16:49,526 [INFO]   [RA_MX] Descargando desde 2026-05-12 → RA.MX
2026-05-12 14:16:49,626 [INFO]   [RA_MX] +1 filas nuevas ✓
2026-05-12 14:16:50,427 [INFO]   [TLEVISACPO_MX] Descargando desde 2026-05-12 → TLEVISACPO.MX
2026-05-12 14:16:50,689 [INFO]   [TLEVISACPO_MX] +1 filas nuevas ✓
2026-05-12 14:16:51,490 [INFO]   [VESTA_MX] Descargando desde 2026-05-12 → VESTA.MX
2026-05-12 14:16:51,592 [INFO]   [VESTA_MX] +1 filas nuevas ✓
2026-05-12 14:16:52,392 [INFO]   [VOLARA_MX] Descargando desde 2026-05-12 → VOLARA.MX
2026-05-12 14:16:52,472 [INFO]   [VOLARA_MX] +1 filas nuevas ✓
2026-05-12 14:16:53,272 [INFO]   [WALMEX_MX] Descargando desde 2026-05-12 → WALMEX.MX
2026-05-12 14:16:53,402 [INFO]   [WALMEX_MX] +1 filas nuevas ✓
2026-05-12 14:16:55,006 [INFO] 
✅ CSV actualizado: datos/market_prices.csv  (180,686 filas totales, +33 nuevas)
2026-05-12 14:16:55,008 [INFO] 
── Resumen ──────────────────────────────────────
2026-05-12 14:16:55,008 [INFO]   Tickers actualizados: 33
2026-05-12 14:16:55,008 [INFO]   Tickers sin cambios:  0
2026-05-12 14:16:55,008 [INFO]   Tickers con error:    1
2026-05-12 14:16:55,008 [INFO]   Filas nuevas totales: 33
2026-05-12 14:16:55,009 [INFO] ──────────────────────────────────────────────────
2026-05-12 21:28:09,059 [INFO] ============================================================
2026-05-12 21:28:09,059 [INFO]   ACTUALIZACIÓN DIARIA DE DATOS — 2026-05-12 21:28 UTC
2026-05-12 21:28:09,059 [INFO] ============================================================
2026-05-12 21:28:09,059 [INFO] Leyendo CSV existente: datos/market_prices.csv
2026-05-12 21:28:09,209 [INFO] Tickers detectados: 34
2026-05-12 21:28:09,244 [INFO] Fecha hoy (CDMX): 2026-05-12
2026-05-12 21:28:09,244 [INFO]   [AC_MX] Ya está al día (2026-05-12) — omitido
2026-05-12 21:28:09,244 [INFO]   [ALPEKA_MX] Ya está al día (2026-05-12) — omitido
2026-05-12 21:28:09,244 [INFO]   [ALSEA_MX] Ya está al día (2026-05-12) — omitido
2026-05-12 21:28:09,244 [INFO]   [AMXB_MX] Ya está al día (2026-05-12) — omitido
2026-05-12 21:28:09,244 [INFO]   [ASURB_MX] Ya está al día (2026-05-12) — omitido
2026-05-12 21:28:09,244 [INFO]   [BBAJIOO_MX] Ya está al día (2026-05-12) — omitido
2026-05-12 21:28:09,244 [INFO]   [BIMBOA_MX] Ya está al día (2026-05-12) — omitido
2026-05-12 21:28:09,244 [INFO]   [BOLSAA_MX] Ya está al día (2026-05-12) — omitido
2026-05-12 21:28:09,244 [INFO]   [CEMEXCPO_MX] Ya está al día (2026-05-12) — omitido
2026-05-12 21:28:09,244 [INFO]   [CUERVO_MX] Ya está al día (2026-05-12) — omitido
2026-05-12 21:28:09,245 [INFO]   [ELEKTRA_MX] Descargando desde 2026-04-28 → ELEKTRA.MX
2026-05-12 21:28:09,641 [ERROR] HTTP Error 404: {"quoteSummary":{"result":null,"error":{"code":"Not Found","description":"Quote not found for symbol: ELEKTRA.MX"}}}
2026-05-12 21:28:09,726 [ERROR] $ELEKTRA.MX: possibly delisted; no timezone found
2026-05-12 21:28:09,726 [WARNING]   [ELEKTRA_MX] Sin datos nuevos
2026-05-12 21:28:10,527 [INFO]   [FEMSAUBD_MX] Ya está al día (2026-05-12) — omitido
2026-05-12 21:28:10,527 [INFO]   [GAPB_MX] Ya está al día (2026-05-12) — omitido
2026-05-12 21:28:10,527 [INFO]   [GCARSOA1_MX] Ya está al día (2026-05-12) — omitido
2026-05-12 21:28:10,527 [INFO]   [GCC_MX] Ya está al día (2026-05-12) — omitido
2026-05-12 21:28:10,527 [INFO]   [GFINBURO_MX] Ya está al día (2026-05-12) — omitido
2026-05-12 21:28:10,527 [INFO]   [GFNORTEO_MX] Ya está al día (2026-05-12) — omitido
2026-05-12 21:28:10,527 [INFO]   [GMEXICOB_MX] Ya está al día (2026-05-12) — omitido
2026-05-12 21:28:10,527 [INFO]   [GRUMAB_MX] Ya está al día (2026-05-12) — omitido
2026-05-12 21:28:10,527 [INFO]   [KIMBERA_MX] Ya está al día (2026-05-12) — omitido
2026-05-12 21:28:10,527 [INFO]   [KOFUBL_MX] Ya está al día (2026-05-12) — omitido
2026-05-12 21:28:10,527 [INFO]   [LABB_MX] Ya está al día (2026-05-12) — omitido
2026-05-12 21:28:10,528 [INFO]   [LIVEPOLC-1_MX] Ya está al día (2026-05-12) — omitido
2026-05-12 21:28:10,528 [INFO]   [MEGACPO_MX] Ya está al día (2026-05-12) — omitido
2026-05-12 21:28:10,528 [INFO]   [OMAB_MX] Ya está al día (2026-05-12) — omitido
2026-05-12 21:28:10,528 [INFO]   [ORBIA_MX] Ya está al día (2026-05-12) — omitido
2026-05-12 21:28:10,528 [INFO]   [PE&OLES_MX] Ya está al día (2026-05-12) — omitido
2026-05-12 21:28:10,528 [INFO]   [PINFRAL_MX] Descargando desde 2026-05-12 → PINFRAL.MX
2026-05-12 21:28:10,684 [INFO]   [PINFRAL_MX] +1 filas nuevas ✓
2026-05-12 21:28:11,484 [INFO]   [Q_MX] Ya está al día (2026-05-12) — omitido
2026-05-12 21:28:11,484 [INFO]   [RA_MX] Ya está al día (2026-05-12) — omitido
2026-05-12 21:28:11,484 [INFO]   [TLEVISACPO_MX] Ya está al día (2026-05-12) — omitido
2026-05-12 21:28:11,484 [INFO]   [VESTA_MX] Ya está al día (2026-05-12) — omitido
2026-05-12 21:28:11,484 [INFO]   [VOLARA_MX] Ya está al día (2026-05-12) — omitido
2026-05-12 21:28:11,484 [INFO]   [WALMEX_MX] Ya está al día (2026-05-12) — omitido
2026-05-12 21:28:12,273 [INFO] 
✅ CSV actualizado: datos/market_prices.csv  (180,687 filas totales, +1 nuevas)
2026-05-12 21:28:12,274 [INFO] 
── Resumen ──────────────────────────────────────
2026-05-12 21:28:12,274 [INFO]   Tickers actualizados: 1
2026-05-12 21:28:12,274 [INFO]   Tickers sin cambios:  32
2026-05-12 21:28:12,274 [INFO]   Tickers con error:    1
2026-05-12 21:28:12,274 [INFO]   Filas nuevas totales: 1
2026-05-12 21:28:12,274 [INFO] ──────────────────────────────────────────────────
2026-05-13 14:17:08,271 [INFO] ============================================================
2026-05-13 14:17:08,271 [INFO]   ACTUALIZACIÓN DIARIA DE DATOS — 2026-05-13 14:17 UTC
2026-05-13 14:17:08,271 [INFO] ============================================================
2026-05-13 14:17:08,271 [INFO] Leyendo CSV existente: datos/market_prices.csv
2026-05-13 14:17:08,422 [INFO] Tickers detectados: 34
2026-05-13 14:17:08,435 [INFO] Fecha hoy (CDMX): 2026-05-13
2026-05-13 14:17:08,435 [INFO]   [AC_MX] Descargando desde 2026-05-13 → AC.MX
2026-05-13 14:17:08,758 [INFO]   [AC_MX] +1 filas nuevas ✓
2026-05-13 14:17:09,559 [INFO]   [ALPEKA_MX] Descargando desde 2026-05-13 → ALPEKA.MX
2026-05-13 14:17:09,755 [INFO]   [ALPEKA_MX] +1 filas nuevas ✓
2026-05-13 14:17:10,556 [INFO]   [ALSEA_MX] Descargando desde 2026-05-13 → ALSEA.MX
2026-05-13 14:17:10,712 [INFO]   [ALSEA_MX] +1 filas nuevas ✓
2026-05-13 14:17:11,512 [INFO]   [AMXB_MX] Descargando desde 2026-05-13 → AMXB.MX
2026-05-13 14:17:11,716 [INFO]   [AMXB_MX] +1 filas nuevas ✓
2026-05-13 14:17:12,516 [INFO]   [ASURB_MX] Descargando desde 2026-05-13 → ASURB.MX
2026-05-13 14:17:12,679 [INFO]   [ASURB_MX] +1 filas nuevas ✓
2026-05-13 14:17:13,479 [INFO]   [BBAJIOO_MX] Descargando desde 2026-05-13 → BBAJIOO.MX
2026-05-13 14:17:13,587 [INFO]   [BBAJIOO_MX] +1 filas nuevas ✓
2026-05-13 14:17:14,388 [INFO]   [BIMBOA_MX] Descargando desde 2026-05-13 → BIMBOA.MX
2026-05-13 14:17:14,596 [INFO]   [BIMBOA_MX] +1 filas nuevas ✓
2026-05-13 14:17:15,396 [INFO]   [BOLSAA_MX] Descargando desde 2026-05-13 → BOLSAA.MX
2026-05-13 14:17:15,531 [INFO]   [BOLSAA_MX] +1 filas nuevas ✓
2026-05-13 14:17:16,331 [INFO]   [CEMEXCPO_MX] Descargando desde 2026-05-13 → CEMEXCPO.MX
2026-05-13 14:17:16,502 [INFO]   [CEMEXCPO_MX] +1 filas nuevas ✓
2026-05-13 14:17:17,303 [INFO]   [CUERVO_MX] Descargando desde 2026-05-13 → CUERVO.MX
2026-05-13 14:17:17,458 [INFO]   [CUERVO_MX] +1 filas nuevas ✓
2026-05-13 14:17:18,259 [INFO]   [ELEKTRA_MX] Descargando desde 2026-04-28 → ELEKTRA.MX
2026-05-13 14:17:18,552 [ERROR] HTTP Error 404: {"quoteSummary":{"result":null,"error":{"code":"Not Found","description":"Quote not found for symbol: ELEKTRA.MX"}}}
2026-05-13 14:17:18,628 [ERROR] $ELEKTRA.MX: possibly delisted; no timezone found
2026-05-13 14:17:18,628 [WARNING]   [ELEKTRA_MX] Sin datos nuevos
2026-05-13 14:17:19,429 [INFO]   [FEMSAUBD_MX] Descargando desde 2026-05-13 → FEMSAUBD.MX
2026-05-13 14:17:19,580 [INFO]   [FEMSAUBD_MX] +1 filas nuevas ✓
2026-05-13 14:17:20,381 [INFO]   [GAPB_MX] Descargando desde 2026-05-13 → GAPB.MX
2026-05-13 14:17:20,539 [INFO]   [GAPB_MX] +1 filas nuevas ✓
2026-05-13 14:17:21,339 [INFO]   [GCARSOA1_MX] Descargando desde 2026-05-13 → GCARSOA1.MX
2026-05-13 14:17:21,504 [INFO]   [GCARSOA1_MX] +1 filas nuevas ✓
2026-05-13 14:17:22,304 [INFO]   [GCC_MX] Descargando desde 2026-05-13 → GCC.MX
2026-05-13 14:17:22,471 [INFO]   [GCC_MX] +1 filas nuevas ✓
2026-05-13 14:17:23,272 [INFO]   [GFINBURO_MX] Descargando desde 2026-05-13 → GFINBURO.MX
2026-05-13 14:17:23,493 [INFO]   [GFINBURO_MX] +1 filas nuevas ✓
2026-05-13 14:17:24,294 [INFO]   [GFNORTEO_MX] Descargando desde 2026-05-13 → GFNORTEO.MX
2026-05-13 14:17:24,435 [INFO]   [GFNORTEO_MX] +1 filas nuevas ✓
2026-05-13 14:17:25,235 [INFO]   [GMEXICOB_MX] Descargando desde 2026-05-13 → GMEXICOB.MX
2026-05-13 14:17:25,396 [INFO]   [GMEXICOB_MX] +1 filas nuevas ✓
2026-05-13 14:17:26,197 [INFO]   [GRUMAB_MX] Descargando desde 2026-05-13 → GRUMAB.MX
2026-05-13 14:17:26,370 [INFO]   [GRUMAB_MX] +1 filas nuevas ✓
2026-05-13 14:17:27,171 [INFO]   [KIMBERA_MX] Descargando desde 2026-05-13 → KIMBERA.MX
2026-05-13 14:17:27,378 [INFO]   [KIMBERA_MX] +1 filas nuevas ✓
2026-05-13 14:17:28,178 [INFO]   [KOFUBL_MX] Descargando desde 2026-05-13 → KOFUBL.MX
2026-05-13 14:17:28,287 [INFO]   [KOFUBL_MX] +1 filas nuevas ✓
2026-05-13 14:17:29,087 [INFO]   [LABB_MX] Descargando desde 2026-05-13 → LABB.MX
2026-05-13 14:17:29,193 [INFO]   [LABB_MX] +1 filas nuevas ✓
2026-05-13 14:17:29,993 [INFO]   [LIVEPOLC-1_MX] Descargando desde 2026-05-13 → LIVEPOLC-1.MX
2026-05-13 14:17:30,156 [INFO]   [LIVEPOLC-1_MX] +1 filas nuevas ✓
2026-05-13 14:17:30,956 [INFO]   [MEGACPO_MX] Descargando desde 2026-05-13 → MEGACPO.MX
2026-05-13 14:17:31,094 [INFO]   [MEGACPO_MX] +1 filas nuevas ✓
2026-05-13 14:17:31,894 [INFO]   [OMAB_MX] Descargando desde 2026-05-13 → OMAB.MX
2026-05-13 14:17:32,044 [INFO]   [OMAB_MX] +1 filas nuevas ✓
2026-05-13 14:17:32,845 [INFO]   [ORBIA_MX] Descargando desde 2026-05-13 → ORBIA.MX
2026-05-13 14:17:33,010 [INFO]   [ORBIA_MX] +1 filas nuevas ✓
2026-05-13 14:17:33,810 [INFO]   [PE&OLES_MX] Descargando desde 2026-05-13 → PE&OLES.MX
2026-05-13 14:17:33,982 [INFO]   [PE&OLES_MX] +1 filas nuevas ✓
2026-05-13 14:17:34,782 [INFO]   [PINFRAL_MX] Descargando desde 2026-05-13 → PINFRAL.MX
2026-05-13 14:17:34,896 [INFO]   [PINFRAL_MX] +1 filas nuevas ✓
2026-05-13 14:17:35,697 [INFO]   [Q_MX] Descargando desde 2026-05-13 → Q.MX
2026-05-13 14:17:35,823 [INFO]   [Q_MX] +1 filas nuevas ✓
2026-05-13 14:17:36,623 [INFO]   [RA_MX] Descargando desde 2026-05-13 → RA.MX
2026-05-13 14:17:36,809 [INFO]   [RA_MX] +1 filas nuevas ✓
2026-05-13 14:17:37,609 [INFO]   [TLEVISACPO_MX] Descargando desde 2026-05-13 → TLEVISACPO.MX
2026-05-13 14:17:37,790 [INFO]   [TLEVISACPO_MX] +1 filas nuevas ✓
2026-05-13 14:17:38,590 [INFO]   [VESTA_MX] Descargando desde 2026-05-13 → VESTA.MX
2026-05-13 14:17:38,735 [INFO]   [VESTA_MX] +1 filas nuevas ✓
2026-05-13 14:17:39,536 [INFO]   [VOLARA_MX] Descargando desde 2026-05-13 → VOLARA.MX
2026-05-13 14:17:39,630 [INFO]   [VOLARA_MX] +1 filas nuevas ✓
2026-05-13 14:17:40,430 [INFO]   [WALMEX_MX] Descargando desde 2026-05-13 → WALMEX.MX
2026-05-13 14:17:40,573 [INFO]   [WALMEX_MX] +1 filas nuevas ✓
2026-05-13 14:17:42,166 [INFO] 
✅ CSV actualizado: datos/market_prices.csv  (180,719 filas totales, +33 nuevas)
2026-05-13 14:17:42,167 [INFO] 
── Resumen ──────────────────────────────────────
2026-05-13 14:17:42,167 [INFO]   Tickers actualizados: 33
2026-05-13 14:17:42,167 [INFO]   Tickers sin cambios:  0
2026-05-13 14:17:42,167 [INFO]   Tickers con error:    1
2026-05-13 14:17:42,167 [INFO]   Filas nuevas totales: 33
2026-05-13 14:17:42,167 [INFO] ──────────────────────────────────────────────────
2026-05-13 21:30:12,528 [INFO] ============================================================
2026-05-13 21:30:12,528 [INFO]   ACTUALIZACIÓN DIARIA DE DATOS — 2026-05-13 21:30 UTC
2026-05-13 21:30:12,528 [INFO] ============================================================
2026-05-13 21:30:12,528 [INFO] Leyendo CSV existente: datos/market_prices.csv
2026-05-13 21:30:12,672 [INFO] Tickers detectados: 34
2026-05-13 21:30:12,686 [INFO] Fecha hoy (CDMX): 2026-05-13
2026-05-13 21:30:12,687 [INFO]   [AC_MX] Ya está al día (2026-05-13) — omitido
2026-05-13 21:30:12,687 [INFO]   [ALPEKA_MX] Ya está al día (2026-05-13) — omitido
2026-05-13 21:30:12,687 [INFO]   [ALSEA_MX] Ya está al día (2026-05-13) — omitido
2026-05-13 21:30:12,687 [INFO]   [AMXB_MX] Ya está al día (2026-05-13) — omitido
2026-05-13 21:30:12,687 [INFO]   [ASURB_MX] Ya está al día (2026-05-13) — omitido
2026-05-13 21:30:12,687 [INFO]   [BBAJIOO_MX] Ya está al día (2026-05-13) — omitido
2026-05-13 21:30:12,687 [INFO]   [BIMBOA_MX] Ya está al día (2026-05-13) — omitido
2026-05-13 21:30:12,687 [INFO]   [BOLSAA_MX] Ya está al día (2026-05-13) — omitido
2026-05-13 21:30:12,687 [INFO]   [CEMEXCPO_MX] Ya está al día (2026-05-13) — omitido
2026-05-13 21:30:12,688 [INFO]   [CUERVO_MX] Ya está al día (2026-05-13) — omitido
2026-05-13 21:30:12,688 [INFO]   [ELEKTRA_MX] Descargando desde 2026-04-28 → ELEKTRA.MX
2026-05-13 21:30:13,229 [ERROR] HTTP Error 404: {"quoteSummary":{"result":null,"error":{"code":"Not Found","description":"Quote not found for symbol: ELEKTRA.MX"}}}
2026-05-13 21:30:13,347 [ERROR] $ELEKTRA.MX: possibly delisted; no timezone found
2026-05-13 21:30:13,347 [WARNING]   [ELEKTRA_MX] Sin datos nuevos
2026-05-13 21:30:14,148 [INFO]   [FEMSAUBD_MX] Ya está al día (2026-05-13) — omitido
2026-05-13 21:30:14,148 [INFO]   [GAPB_MX] Ya está al día (2026-05-13) — omitido
2026-05-13 21:30:14,148 [INFO]   [GCARSOA1_MX] Ya está al día (2026-05-13) — omitido
2026-05-13 21:30:14,148 [INFO]   [GCC_MX] Ya está al día (2026-05-13) — omitido
2026-05-13 21:30:14,148 [INFO]   [GFINBURO_MX] Ya está al día (2026-05-13) — omitido
2026-05-13 21:30:14,148 [INFO]   [GFNORTEO_MX] Ya está al día (2026-05-13) — omitido
2026-05-13 21:30:14,148 [INFO]   [GMEXICOB_MX] Ya está al día (2026-05-13) — omitido
2026-05-13 21:30:14,148 [INFO]   [GRUMAB_MX] Ya está al día (2026-05-13) — omitido
2026-05-13 21:30:14,148 [INFO]   [KIMBERA_MX] Ya está al día (2026-05-13) — omitido
2026-05-13 21:30:14,148 [INFO]   [KOFUBL_MX] Ya está al día (2026-05-13) — omitido
2026-05-13 21:30:14,148 [INFO]   [LABB_MX] Ya está al día (2026-05-13) — omitido
2026-05-13 21:30:14,148 [INFO]   [LIVEPOLC-1_MX] Ya está al día (2026-05-13) — omitido
2026-05-13 21:30:14,149 [INFO]   [MEGACPO_MX] Ya está al día (2026-05-13) — omitido
2026-05-13 21:30:14,149 [INFO]   [OMAB_MX] Ya está al día (2026-05-13) — omitido
2026-05-13 21:30:14,149 [INFO]   [ORBIA_MX] Ya está al día (2026-05-13) — omitido
2026-05-13 21:30:14,149 [INFO]   [PE&OLES_MX] Ya está al día (2026-05-13) — omitido
2026-05-13 21:30:14,149 [INFO]   [PINFRAL_MX] Descargando desde 2026-05-13 → PINFRAL.MX
2026-05-13 21:30:14,476 [INFO]   [PINFRAL_MX] +1 filas nuevas ✓
2026-05-13 21:30:15,276 [INFO]   [Q_MX] Ya está al día (2026-05-13) — omitido
2026-05-13 21:30:15,277 [INFO]   [RA_MX] Ya está al día (2026-05-13) — omitido
2026-05-13 21:30:15,277 [INFO]   [TLEVISACPO_MX] Ya está al día (2026-05-13) — omitido
2026-05-13 21:30:15,277 [INFO]   [VESTA_MX] Ya está al día (2026-05-13) — omitido
2026-05-13 21:30:15,277 [INFO]   [VOLARA_MX] Ya está al día (2026-05-13) — omitido
2026-05-13 21:30:15,277 [INFO]   [WALMEX_MX] Ya está al día (2026-05-13) — omitido
2026-05-13 21:30:16,065 [INFO] 
✅ CSV actualizado: datos/market_prices.csv  (180,720 filas totales, +1 nuevas)
2026-05-13 21:30:16,067 [INFO] 
── Resumen ──────────────────────────────────────
2026-05-13 21:30:16,067 [INFO]   Tickers actualizados: 1
2026-05-13 21:30:16,067 [INFO]   Tickers sin cambios:  32
2026-05-13 21:30:16,067 [INFO]   Tickers con error:    1
2026-05-13 21:30:16,067 [INFO]   Filas nuevas totales: 1
2026-05-13 21:30:16,067 [INFO] ──────────────────────────────────────────────────
2026-05-14 14:15:29,968 [INFO] ============================================================
2026-05-14 14:15:29,968 [INFO]   ACTUALIZACIÓN DIARIA DE DATOS — 2026-05-14 14:15 UTC
2026-05-14 14:15:29,968 [INFO] ============================================================
2026-05-14 14:15:29,968 [INFO] Leyendo CSV existente: datos/market_prices.csv
2026-05-14 14:15:30,116 [INFO] Tickers detectados: 34
2026-05-14 14:15:30,130 [INFO] Fecha hoy (CDMX): 2026-05-14
2026-05-14 14:15:30,130 [INFO]   [AC_MX] Descargando desde 2026-05-14 → AC.MX
2026-05-14 14:15:30,586 [INFO]   [AC_MX] +1 filas nuevas ✓
2026-05-14 14:15:31,387 [INFO]   [ALPEKA_MX] Descargando desde 2026-05-14 → ALPEKA.MX
2026-05-14 14:15:31,671 [INFO]   [ALPEKA_MX] +1 filas nuevas ✓
2026-05-14 14:15:32,472 [INFO]   [ALSEA_MX] Descargando desde 2026-05-14 → ALSEA.MX
2026-05-14 14:15:32,832 [INFO]   [ALSEA_MX] +1 filas nuevas ✓
2026-05-14 14:15:33,632 [INFO]   [AMXB_MX] Descargando desde 2026-05-14 → AMXB.MX
2026-05-14 14:15:33,897 [INFO]   [AMXB_MX] +1 filas nuevas ✓
2026-05-14 14:15:34,698 [INFO]   [ASURB_MX] Descargando desde 2026-05-14 → ASURB.MX
2026-05-14 14:15:34,994 [INFO]   [ASURB_MX] +1 filas nuevas ✓
2026-05-14 14:15:35,795 [INFO]   [BBAJIOO_MX] Descargando desde 2026-05-14 → BBAJIOO.MX
2026-05-14 14:15:36,027 [INFO]   [BBAJIOO_MX] +1 filas nuevas ✓
2026-05-14 14:15:36,828 [INFO]   [BIMBOA_MX] Descargando desde 2026-05-14 → BIMBOA.MX
2026-05-14 14:15:37,160 [INFO]   [BIMBOA_MX] +1 filas nuevas ✓
2026-05-14 14:15:37,961 [INFO]   [BOLSAA_MX] Descargando desde 2026-05-14 → BOLSAA.MX
2026-05-14 14:15:38,232 [INFO]   [BOLSAA_MX] +1 filas nuevas ✓
2026-05-14 14:15:39,032 [INFO]   [CEMEXCPO_MX] Descargando desde 2026-05-14 → CEMEXCPO.MX
2026-05-14 14:15:39,283 [INFO]   [CEMEXCPO_MX] +1 filas nuevas ✓
2026-05-14 14:15:40,084 [INFO]   [CUERVO_MX] Descargando desde 2026-05-14 → CUERVO.MX
2026-05-14 14:15:40,337 [INFO]   [CUERVO_MX] +1 filas nuevas ✓
2026-05-14 14:15:41,138 [INFO]   [ELEKTRA_MX] Descargando desde 2026-04-28 → ELEKTRA.MX
2026-05-14 14:15:41,542 [ERROR] HTTP Error 404: {"quoteSummary":{"result":null,"error":{"code":"Not Found","description":"Quote not found for symbol: ELEKTRA.MX"}}}
2026-05-14 14:15:41,634 [ERROR] $ELEKTRA.MX: possibly delisted; no timezone found
2026-05-14 14:15:41,635 [WARNING]   [ELEKTRA_MX] Sin datos nuevos
2026-05-14 14:15:42,435 [INFO]   [FEMSAUBD_MX] Descargando desde 2026-05-14 → FEMSAUBD.MX
2026-05-14 14:15:42,718 [INFO]   [FEMSAUBD_MX] +1 filas nuevas ✓
2026-05-14 14:15:43,518 [INFO]   [GAPB_MX] Descargando desde 2026-05-14 → GAPB.MX
2026-05-14 14:15:43,821 [INFO]   [GAPB_MX] +1 filas nuevas ✓
2026-05-14 14:15:44,621 [INFO]   [GCARSOA1_MX] Descargando desde 2026-05-14 → GCARSOA1.MX
2026-05-14 14:15:44,902 [INFO]   [GCARSOA1_MX] +1 filas nuevas ✓
2026-05-14 14:15:45,702 [INFO]   [GCC_MX] Descargando desde 2026-05-14 → GCC.MX
2026-05-14 14:15:46,075 [INFO]   [GCC_MX] +1 filas nuevas ✓
2026-05-14 14:15:46,875 [INFO]   [GFINBURO_MX] Descargando desde 2026-05-14 → GFINBURO.MX
2026-05-14 14:15:47,266 [INFO]   [GFINBURO_MX] +1 filas nuevas ✓
2026-05-14 14:15:48,066 [INFO]   [GFNORTEO_MX] Descargando desde 2026-05-14 → GFNORTEO.MX
2026-05-14 14:15:48,364 [INFO]   [GFNORTEO_MX] +1 filas nuevas ✓
2026-05-14 14:15:49,165 [INFO]   [GMEXICOB_MX] Descargando desde 2026-05-14 → GMEXICOB.MX
2026-05-14 14:15:49,474 [INFO]   [GMEXICOB_MX] +1 filas nuevas ✓
2026-05-14 14:15:50,275 [INFO]   [GRUMAB_MX] Descargando desde 2026-05-14 → GRUMAB.MX
2026-05-14 14:15:50,613 [INFO]   [GRUMAB_MX] +1 filas nuevas ✓
2026-05-14 14:15:51,414 [INFO]   [KIMBERA_MX] Descargando desde 2026-05-14 → KIMBERA.MX
2026-05-14 14:15:51,746 [INFO]   [KIMBERA_MX] +1 filas nuevas ✓
2026-05-14 14:15:52,547 [INFO]   [KOFUBL_MX] Descargando desde 2026-05-14 → KOFUBL.MX
2026-05-14 14:15:52,873 [INFO]   [KOFUBL_MX] +1 filas nuevas ✓
2026-05-14 14:15:53,673 [INFO]   [LABB_MX] Descargando desde 2026-05-14 → LABB.MX
2026-05-14 14:15:53,964 [INFO]   [LABB_MX] +1 filas nuevas ✓
2026-05-14 14:15:54,765 [INFO]   [LIVEPOLC-1_MX] Descargando desde 2026-05-14 → LIVEPOLC-1.MX
2026-05-14 14:15:55,061 [INFO]   [LIVEPOLC-1_MX] +1 filas nuevas ✓
2026-05-14 14:15:55,862 [INFO]   [MEGACPO_MX] Descargando desde 2026-05-14 → MEGACPO.MX
2026-05-14 14:15:56,145 [INFO]   [MEGACPO_MX] +1 filas nuevas ✓
2026-05-14 14:15:56,946 [INFO]   [OMAB_MX] Descargando desde 2026-05-14 → OMAB.MX
2026-05-14 14:15:57,252 [INFO]   [OMAB_MX] +1 filas nuevas ✓
2026-05-14 14:15:58,053 [INFO]   [ORBIA_MX] Descargando desde 2026-05-14 → ORBIA.MX
2026-05-14 14:15:58,350 [INFO]   [ORBIA_MX] +1 filas nuevas ✓
2026-05-14 14:15:59,150 [INFO]   [PE&OLES_MX] Descargando desde 2026-05-14 → PE&OLES.MX
2026-05-14 14:15:59,446 [INFO]   [PE&OLES_MX] +1 filas nuevas ✓
2026-05-14 14:16:00,247 [INFO]   [PINFRAL_MX] Descargando desde 2026-05-14 → PINFRAL.MX
2026-05-14 14:16:00,469 [INFO]   [PINFRAL_MX] +1 filas nuevas ✓
2026-05-14 14:16:01,269 [INFO]   [Q_MX] Descargando desde 2026-05-14 → Q.MX
2026-05-14 14:16:01,464 [INFO]   [Q_MX] +1 filas nuevas ✓
2026-05-14 14:16:02,264 [INFO]   [RA_MX] Descargando desde 2026-05-14 → RA.MX
2026-05-14 14:16:02,536 [INFO]   [RA_MX] +1 filas nuevas ✓
2026-05-14 14:16:03,336 [INFO]   [TLEVISACPO_MX] Descargando desde 2026-05-14 → TLEVISACPO.MX
2026-05-14 14:16:03,620 [INFO]   [TLEVISACPO_MX] +1 filas nuevas ✓
2026-05-14 14:16:04,420 [INFO]   [VESTA_MX] Descargando desde 2026-05-14 → VESTA.MX
2026-05-14 14:16:04,723 [INFO]   [VESTA_MX] +1 filas nuevas ✓
2026-05-14 14:16:05,524 [INFO]   [VOLARA_MX] Descargando desde 2026-05-14 → VOLARA.MX
2026-05-14 14:16:05,730 [INFO]   [VOLARA_MX] +1 filas nuevas ✓
2026-05-14 14:16:06,530 [INFO]   [WALMEX_MX] Descargando desde 2026-05-14 → WALMEX.MX
2026-05-14 14:16:06,822 [INFO]   [WALMEX_MX] +1 filas nuevas ✓
2026-05-14 14:16:08,409 [INFO] 
✅ CSV actualizado: datos/market_prices.csv  (180,752 filas totales, +33 nuevas)
2026-05-14 14:16:08,411 [INFO] 
── Resumen ──────────────────────────────────────
2026-05-14 14:16:08,411 [INFO]   Tickers actualizados: 33
2026-05-14 14:16:08,411 [INFO]   Tickers sin cambios:  0
2026-05-14 14:16:08,411 [INFO]   Tickers con error:    1
2026-05-14 14:16:08,411 [INFO]   Filas nuevas totales: 33
2026-05-14 14:16:08,411 [INFO] ──────────────────────────────────────────────────
2026-05-14 21:24:25,621 [INFO] ============================================================
2026-05-14 21:24:25,621 [INFO]   ACTUALIZACIÓN DIARIA DE DATOS — 2026-05-14 21:24 UTC
2026-05-14 21:24:25,621 [INFO] ============================================================
2026-05-14 21:24:25,621 [INFO] Leyendo CSV existente: datos/market_prices.csv
2026-05-14 21:24:25,767 [INFO] Tickers detectados: 34
2026-05-14 21:24:25,784 [INFO] Fecha hoy (CDMX): 2026-05-14
2026-05-14 21:24:25,784 [INFO]   [AC_MX] Ya está al día (2026-05-14) — omitido
2026-05-14 21:24:25,784 [INFO]   [ALPEKA_MX] Ya está al día (2026-05-14) — omitido
2026-05-14 21:24:25,784 [INFO]   [ALSEA_MX] Ya está al día (2026-05-14) — omitido
2026-05-14 21:24:25,785 [INFO]   [AMXB_MX] Ya está al día (2026-05-14) — omitido
2026-05-14 21:24:25,785 [INFO]   [ASURB_MX] Ya está al día (2026-05-14) — omitido
2026-05-14 21:24:25,785 [INFO]   [BBAJIOO_MX] Ya está al día (2026-05-14) — omitido
2026-05-14 21:24:25,785 [INFO]   [BIMBOA_MX] Ya está al día (2026-05-14) — omitido
2026-05-14 21:24:25,785 [INFO]   [BOLSAA_MX] Ya está al día (2026-05-14) — omitido
2026-05-14 21:24:25,785 [INFO]   [CEMEXCPO_MX] Ya está al día (2026-05-14) — omitido
2026-05-14 21:24:25,785 [INFO]   [CUERVO_MX] Ya está al día (2026-05-14) — omitido
2026-05-14 21:24:25,785 [INFO]   [ELEKTRA_MX] Descargando desde 2026-04-28 → ELEKTRA.MX
2026-05-14 21:24:26,271 [ERROR] HTTP Error 404: {"quoteSummary":{"result":null,"error":{"code":"Not Found","description":"Quote not found for symbol: ELEKTRA.MX"}}}
2026-05-14 21:24:26,422 [ERROR] $ELEKTRA.MX: possibly delisted; no timezone found
2026-05-14 21:24:26,422 [WARNING]   [ELEKTRA_MX] Sin datos nuevos
2026-05-14 21:24:27,223 [INFO]   [FEMSAUBD_MX] Ya está al día (2026-05-14) — omitido
2026-05-14 21:24:27,223 [INFO]   [GAPB_MX] Ya está al día (2026-05-14) — omitido
2026-05-14 21:24:27,223 [INFO]   [GCARSOA1_MX] Ya está al día (2026-05-14) — omitido
2026-05-14 21:24:27,223 [INFO]   [GCC_MX] Ya está al día (2026-05-14) — omitido
2026-05-14 21:24:27,223 [INFO]   [GFINBURO_MX] Ya está al día (2026-05-14) — omitido
2026-05-14 21:24:27,223 [INFO]   [GFNORTEO_MX] Ya está al día (2026-05-14) — omitido
2026-05-14 21:24:27,224 [INFO]   [GMEXICOB_MX] Ya está al día (2026-05-14) — omitido
2026-05-14 21:24:27,224 [INFO]   [GRUMAB_MX] Ya está al día (2026-05-14) — omitido
2026-05-14 21:24:27,224 [INFO]   [KIMBERA_MX] Ya está al día (2026-05-14) — omitido
2026-05-14 21:24:27,224 [INFO]   [KOFUBL_MX] Ya está al día (2026-05-14) — omitido
2026-05-14 21:24:27,224 [INFO]   [LABB_MX] Ya está al día (2026-05-14) — omitido
2026-05-14 21:24:27,224 [INFO]   [LIVEPOLC-1_MX] Ya está al día (2026-05-14) — omitido
2026-05-14 21:24:27,224 [INFO]   [MEGACPO_MX] Ya está al día (2026-05-14) — omitido
2026-05-14 21:24:27,224 [INFO]   [OMAB_MX] Ya está al día (2026-05-14) — omitido
2026-05-14 21:24:27,224 [INFO]   [ORBIA_MX] Ya está al día (2026-05-14) — omitido
2026-05-14 21:24:27,225 [INFO]   [PE&OLES_MX] Ya está al día (2026-05-14) — omitido
2026-05-14 21:24:27,225 [INFO]   [PINFRAL_MX] Descargando desde 2026-05-14 → PINFRAL.MX
2026-05-14 21:24:27,345 [INFO]   [PINFRAL_MX] +1 filas nuevas ✓
2026-05-14 21:24:28,146 [INFO]   [Q_MX] Ya está al día (2026-05-14) — omitido
2026-05-14 21:24:28,146 [INFO]   [RA_MX] Ya está al día (2026-05-14) — omitido
2026-05-14 21:24:28,146 [INFO]   [TLEVISACPO_MX] Ya está al día (2026-05-14) — omitido
2026-05-14 21:24:28,146 [INFO]   [VESTA_MX] Ya está al día (2026-05-14) — omitido
2026-05-14 21:24:28,146 [INFO]   [VOLARA_MX] Ya está al día (2026-05-14) — omitido
2026-05-14 21:24:28,146 [INFO]   [WALMEX_MX] Ya está al día (2026-05-14) — omitido
2026-05-14 21:24:28,941 [INFO] 
✅ CSV actualizado: datos/market_prices.csv  (180,753 filas totales, +1 nuevas)
2026-05-14 21:24:28,942 [INFO] 
── Resumen ──────────────────────────────────────
2026-05-14 21:24:28,942 [INFO]   Tickers actualizados: 1
2026-05-14 21:24:28,942 [INFO]   Tickers sin cambios:  32
2026-05-14 21:24:28,942 [INFO]   Tickers con error:    1
2026-05-14 21:24:28,942 [INFO]   Filas nuevas totales: 1
2026-05-14 21:24:28,942 [INFO] ──────────────────────────────────────────────────
2026-05-15 14:15:20,345 [INFO] ============================================================
2026-05-15 14:15:20,345 [INFO]   ACTUALIZACIÓN DIARIA DE DATOS — 2026-05-15 14:15 UTC
2026-05-15 14:15:20,345 [INFO] ============================================================
2026-05-15 14:15:20,345 [INFO] Leyendo CSV existente: datos/market_prices.csv
2026-05-15 14:15:20,504 [INFO] Tickers detectados: 34
2026-05-15 14:15:20,521 [INFO] Fecha hoy (CDMX): 2026-05-15
2026-05-15 14:15:20,521 [INFO]   [AC_MX] Descargando desde 2026-05-15 → AC.MX
2026-05-15 14:15:20,929 [INFO]   [AC_MX] +1 filas nuevas ✓
2026-05-15 14:15:21,730 [INFO]   [ALPEKA_MX] Descargando desde 2026-05-15 → ALPEKA.MX
2026-05-15 14:15:22,049 [INFO]   [ALPEKA_MX] +1 filas nuevas ✓
2026-05-15 14:15:22,849 [INFO]   [ALSEA_MX] Descargando desde 2026-05-15 → ALSEA.MX
2026-05-15 14:15:23,157 [INFO]   [ALSEA_MX] +1 filas nuevas ✓
2026-05-15 14:15:23,957 [INFO]   [AMXB_MX] Descargando desde 2026-05-15 → AMXB.MX
2026-05-15 14:15:24,276 [INFO]   [AMXB_MX] +1 filas nuevas ✓
2026-05-15 14:15:25,077 [INFO]   [ASURB_MX] Descargando desde 2026-05-15 → ASURB.MX
2026-05-15 14:15:25,413 [INFO]   [ASURB_MX] +1 filas nuevas ✓
2026-05-15 14:15:26,213 [INFO]   [BBAJIOO_MX] Descargando desde 2026-05-15 → BBAJIOO.MX
2026-05-15 14:15:26,461 [INFO]   [BBAJIOO_MX] +1 filas nuevas ✓
2026-05-15 14:15:27,262 [INFO]   [BIMBOA_MX] Descargando desde 2026-05-15 → BIMBOA.MX
2026-05-15 14:15:27,611 [INFO]   [BIMBOA_MX] +1 filas nuevas ✓
2026-05-15 14:15:28,412 [INFO]   [BOLSAA_MX] Descargando desde 2026-05-15 → BOLSAA.MX
2026-05-15 14:15:28,774 [INFO]   [BOLSAA_MX] +1 filas nuevas ✓
2026-05-15 14:15:29,575 [INFO]   [CEMEXCPO_MX] Descargando desde 2026-05-15 → CEMEXCPO.MX
2026-05-15 14:15:29,940 [INFO]   [CEMEXCPO_MX] +1 filas nuevas ✓
2026-05-15 14:15:30,740 [INFO]   [CUERVO_MX] Descargando desde 2026-05-15 → CUERVO.MX
2026-05-15 14:15:31,055 [INFO]   [CUERVO_MX] +1 filas nuevas ✓
2026-05-15 14:15:31,856 [INFO]   [ELEKTRA_MX] Descargando desde 2026-04-28 → ELEKTRA.MX
2026-05-15 14:15:32,445 [ERROR] HTTP Error 404: {"quoteSummary":{"result":null,"error":{"code":"Not Found","description":"Quote not found for symbol: ELEKTRA.MX"}}}
2026-05-15 14:15:32,531 [ERROR] $ELEKTRA.MX: possibly delisted; no timezone found
2026-05-15 14:15:32,531 [WARNING]   [ELEKTRA_MX] Sin datos nuevos
2026-05-15 14:15:33,332 [INFO]   [FEMSAUBD_MX] Descargando desde 2026-05-15 → FEMSAUBD.MX
2026-05-15 14:15:33,720 [INFO]   [FEMSAUBD_MX] +1 filas nuevas ✓
2026-05-15 14:15:34,521 [INFO]   [GAPB_MX] Descargando desde 2026-05-15 → GAPB.MX
2026-05-15 14:15:34,820 [INFO]   [GAPB_MX] +1 filas nuevas ✓
2026-05-15 14:15:35,620 [INFO]   [GCARSOA1_MX] Descargando desde 2026-05-15 → GCARSOA1.MX
2026-05-15 14:15:35,923 [INFO]   [GCARSOA1_MX] +1 filas nuevas ✓
2026-05-15 14:15:36,723 [INFO]   [GCC_MX] Descargando desde 2026-05-15 → GCC.MX
2026-05-15 14:15:37,024 [INFO]   [GCC_MX] +1 filas nuevas ✓
2026-05-15 14:15:37,824 [INFO]   [GFINBURO_MX] Descargando desde 2026-05-15 → GFINBURO.MX
2026-05-15 14:15:38,180 [INFO]   [GFINBURO_MX] +1 filas nuevas ✓
2026-05-15 14:15:38,981 [INFO]   [GFNORTEO_MX] Descargando desde 2026-05-15 → GFNORTEO.MX
2026-05-15 14:15:39,292 [INFO]   [GFNORTEO_MX] +1 filas nuevas ✓
2026-05-15 14:15:40,092 [INFO]   [GMEXICOB_MX] Descargando desde 2026-05-15 → GMEXICOB.MX
2026-05-15 14:15:40,482 [INFO]   [GMEXICOB_MX] +1 filas nuevas ✓
2026-05-15 14:15:41,283 [INFO]   [GRUMAB_MX] Descargando desde 2026-05-15 → GRUMAB.MX
2026-05-15 14:15:41,607 [INFO]   [GRUMAB_MX] +1 filas nuevas ✓
2026-05-15 14:15:42,408 [INFO]   [KIMBERA_MX] Descargando desde 2026-05-15 → KIMBERA.MX
2026-05-15 14:15:42,810 [INFO]   [KIMBERA_MX] +1 filas nuevas ✓
2026-05-15 14:15:43,611 [INFO]   [KOFUBL_MX] Descargando desde 2026-05-15 → KOFUBL.MX
2026-05-15 14:15:43,893 [INFO]   [KOFUBL_MX] +1 filas nuevas ✓
2026-05-15 14:15:44,693 [INFO]   [LABB_MX] Descargando desde 2026-05-15 → LABB.MX
2026-05-15 14:15:44,994 [INFO]   [LABB_MX] +1 filas nuevas ✓
2026-05-15 14:15:45,794 [INFO]   [LIVEPOLC-1_MX] Descargando desde 2026-05-15 → LIVEPOLC-1.MX
2026-05-15 14:15:46,118 [INFO]   [LIVEPOLC-1_MX] +1 filas nuevas ✓
2026-05-15 14:15:46,919 [INFO]   [MEGACPO_MX] Descargando desde 2026-05-15 → MEGACPO.MX
2026-05-15 14:15:47,252 [INFO]   [MEGACPO_MX] +1 filas nuevas ✓
2026-05-15 14:15:48,053 [INFO]   [OMAB_MX] Descargando desde 2026-05-15 → OMAB.MX
2026-05-15 14:15:48,368 [INFO]   [OMAB_MX] +1 filas nuevas ✓
2026-05-15 14:15:49,168 [INFO]   [ORBIA_MX] Descargando desde 2026-05-15 → ORBIA.MX
2026-05-15 14:15:49,519 [INFO]   [ORBIA_MX] +1 filas nuevas ✓
2026-05-15 14:15:50,320 [INFO]   [PE&OLES_MX] Descargando desde 2026-05-15 → PE&OLES.MX
2026-05-15 14:15:50,627 [INFO]   [PE&OLES_MX] +1 filas nuevas ✓
2026-05-15 14:15:51,427 [INFO]   [PINFRAL_MX] Descargando desde 2026-05-15 → PINFRAL.MX
2026-05-15 14:15:51,687 [INFO]   [PINFRAL_MX] +1 filas nuevas ✓
2026-05-15 14:15:52,488 [INFO]   [Q_MX] Descargando desde 2026-05-15 → Q.MX
2026-05-15 14:15:52,790 [INFO]   [Q_MX] +1 filas nuevas ✓
2026-05-15 14:15:53,590 [INFO]   [RA_MX] Descargando desde 2026-05-15 → RA.MX
2026-05-15 14:15:53,895 [INFO]   [RA_MX] +1 filas nuevas ✓
2026-05-15 14:15:54,696 [INFO]   [TLEVISACPO_MX] Descargando desde 2026-05-15 → TLEVISACPO.MX
2026-05-15 14:15:55,014 [INFO]   [TLEVISACPO_MX] +1 filas nuevas ✓
2026-05-15 14:15:55,814 [INFO]   [VESTA_MX] Descargando desde 2026-05-15 → VESTA.MX
2026-05-15 14:15:56,125 [INFO]   [VESTA_MX] +1 filas nuevas ✓
2026-05-15 14:15:56,926 [INFO]   [VOLARA_MX] Descargando desde 2026-05-15 → VOLARA.MX
2026-05-15 14:15:57,221 [INFO]   [VOLARA_MX] +1 filas nuevas ✓
2026-05-15 14:15:58,022 [INFO]   [WALMEX_MX] Descargando desde 2026-05-15 → WALMEX.MX
2026-05-15 14:15:58,291 [INFO]   [WALMEX_MX] +1 filas nuevas ✓
2026-05-15 14:15:59,905 [INFO] 
✅ CSV actualizado: datos/market_prices.csv  (180,785 filas totales, +33 nuevas)
2026-05-15 14:15:59,907 [INFO] 
── Resumen ──────────────────────────────────────
2026-05-15 14:15:59,907 [INFO]   Tickers actualizados: 33
2026-05-15 14:15:59,907 [INFO]   Tickers sin cambios:  0
2026-05-15 14:15:59,907 [INFO]   Tickers con error:    1
2026-05-15 14:15:59,907 [INFO]   Filas nuevas totales: 33
2026-05-15 14:15:59,907 [INFO] ──────────────────────────────────────────────────
2026-05-15 21:22:26,885 [INFO] ============================================================
2026-05-15 21:22:26,885 [INFO]   ACTUALIZACIÓN DIARIA DE DATOS — 2026-05-15 21:22 UTC
2026-05-15 21:22:26,885 [INFO] ============================================================
2026-05-15 21:22:26,885 [INFO] Leyendo CSV existente: datos/market_prices.csv
2026-05-15 21:22:27,029 [INFO] Tickers detectados: 34
2026-05-15 21:22:27,047 [INFO] Fecha hoy (CDMX): 2026-05-15
2026-05-15 21:22:27,047 [INFO]   [AC_MX] Ya está al día (2026-05-15) — omitido
2026-05-15 21:22:27,047 [INFO]   [ALPEKA_MX] Ya está al día (2026-05-15) — omitido
2026-05-15 21:22:27,047 [INFO]   [ALSEA_MX] Ya está al día (2026-05-15) — omitido
2026-05-15 21:22:27,047 [INFO]   [AMXB_MX] Ya está al día (2026-05-15) — omitido
2026-05-15 21:22:27,047 [INFO]   [ASURB_MX] Ya está al día (2026-05-15) — omitido
2026-05-15 21:22:27,047 [INFO]   [BBAJIOO_MX] Ya está al día (2026-05-15) — omitido
2026-05-15 21:22:27,048 [INFO]   [BIMBOA_MX] Ya está al día (2026-05-15) — omitido
2026-05-15 21:22:27,048 [INFO]   [BOLSAA_MX] Ya está al día (2026-05-15) — omitido
2026-05-15 21:22:27,048 [INFO]   [CEMEXCPO_MX] Ya está al día (2026-05-15) — omitido
2026-05-15 21:22:27,048 [INFO]   [CUERVO_MX] Ya está al día (2026-05-15) — omitido
2026-05-15 21:22:27,048 [INFO]   [ELEKTRA_MX] Descargando desde 2026-04-28 → ELEKTRA.MX
2026-05-15 21:22:28,153 [ERROR] HTTP Error 404: {"quoteSummary":{"result":null,"error":{"code":"Not Found","description":"Quote not found for symbol: ELEKTRA.MX"}}}
2026-05-15 21:22:28,333 [ERROR] $ELEKTRA.MX: possibly delisted; no timezone found
2026-05-15 21:22:28,334 [WARNING]   [ELEKTRA_MX] Sin datos nuevos
2026-05-15 21:22:29,134 [INFO]   [FEMSAUBD_MX] Ya está al día (2026-05-15) — omitido
2026-05-15 21:22:29,134 [INFO]   [GAPB_MX] Ya está al día (2026-05-15) — omitido
2026-05-15 21:22:29,134 [INFO]   [GCARSOA1_MX] Ya está al día (2026-05-15) — omitido
2026-05-15 21:22:29,134 [INFO]   [GCC_MX] Ya está al día (2026-05-15) — omitido
2026-05-15 21:22:29,134 [INFO]   [GFINBURO_MX] Ya está al día (2026-05-15) — omitido
2026-05-15 21:22:29,134 [INFO]   [GFNORTEO_MX] Ya está al día (2026-05-15) — omitido
2026-05-15 21:22:29,135 [INFO]   [GMEXICOB_MX] Ya está al día (2026-05-15) — omitido
2026-05-15 21:22:29,135 [INFO]   [GRUMAB_MX] Ya está al día (2026-05-15) — omitido
2026-05-15 21:22:29,135 [INFO]   [KIMBERA_MX] Ya está al día (2026-05-15) — omitido
2026-05-15 21:22:29,135 [INFO]   [KOFUBL_MX] Ya está al día (2026-05-15) — omitido
2026-05-15 21:22:29,135 [INFO]   [LABB_MX] Ya está al día (2026-05-15) — omitido
2026-05-15 21:22:29,135 [INFO]   [LIVEPOLC-1_MX] Ya está al día (2026-05-15) — omitido
2026-05-15 21:22:29,135 [INFO]   [MEGACPO_MX] Ya está al día (2026-05-15) — omitido
2026-05-15 21:22:29,135 [INFO]   [OMAB_MX] Ya está al día (2026-05-15) — omitido
2026-05-15 21:22:29,135 [INFO]   [ORBIA_MX] Ya está al día (2026-05-15) — omitido
2026-05-15 21:22:29,135 [INFO]   [PE&OLES_MX] Ya está al día (2026-05-15) — omitido
2026-05-15 21:22:29,135 [INFO]   [PINFRAL_MX] Descargando desde 2026-05-15 → PINFRAL.MX
2026-05-15 21:22:29,495 [INFO]   [PINFRAL_MX] +1 filas nuevas ✓
2026-05-15 21:22:30,296 [INFO]   [Q_MX] Ya está al día (2026-05-15) — omitido
2026-05-15 21:22:30,296 [INFO]   [RA_MX] Ya está al día (2026-05-15) — omitido
2026-05-15 21:22:30,296 [INFO]   [TLEVISACPO_MX] Ya está al día (2026-05-15) — omitido
2026-05-15 21:22:30,296 [INFO]   [VESTA_MX] Ya está al día (2026-05-15) — omitido
2026-05-15 21:22:30,296 [INFO]   [VOLARA_MX] Ya está al día (2026-05-15) — omitido
2026-05-15 21:22:30,296 [INFO]   [WALMEX_MX] Ya está al día (2026-05-15) — omitido
2026-05-15 21:22:31,107 [INFO] 
✅ CSV actualizado: datos/market_prices.csv  (180,786 filas totales, +1 nuevas)
2026-05-15 21:22:31,108 [INFO] 
── Resumen ──────────────────────────────────────
2026-05-15 21:22:31,108 [INFO]   Tickers actualizados: 1
2026-05-15 21:22:31,108 [INFO]   Tickers sin cambios:  32
2026-05-15 21:22:31,108 [INFO]   Tickers con error:    1
2026-05-15 21:22:31,108 [INFO]   Filas nuevas totales: 1
2026-05-15 21:22:31,108 [INFO] ──────────────────────────────────────────────────
2026-05-18 14:38:34,537 [INFO] ============================================================
2026-05-18 14:38:34,537 [INFO]   ACTUALIZACIÓN DIARIA DE DATOS — 2026-05-18 14:38 UTC
2026-05-18 14:38:34,537 [INFO] ============================================================
2026-05-18 14:38:34,537 [INFO] Leyendo CSV existente: datos/market_prices.csv
2026-05-18 14:38:34,686 [INFO] Tickers detectados: 34
2026-05-18 14:38:34,704 [INFO] Fecha hoy (CDMX): 2026-05-18
2026-05-18 14:38:34,705 [INFO]   [AC_MX] Descargando desde 2026-05-16 → AC.MX
2026-05-18 14:38:35,271 [INFO]   [AC_MX] +1 filas nuevas ✓
2026-05-18 14:38:36,071 [INFO]   [ALPEKA_MX] Descargando desde 2026-05-16 → ALPEKA.MX
2026-05-18 14:38:36,205 [INFO]   [ALPEKA_MX] +1 filas nuevas ✓
2026-05-18 14:38:37,006 [INFO]   [ALSEA_MX] Descargando desde 2026-05-16 → ALSEA.MX
2026-05-18 14:38:37,158 [INFO]   [ALSEA_MX] +1 filas nuevas ✓
2026-05-18 14:38:37,958 [INFO]   [AMXB_MX] Descargando desde 2026-05-16 → AMXB.MX
2026-05-18 14:38:38,103 [INFO]   [AMXB_MX] +1 filas nuevas ✓
2026-05-18 14:38:38,904 [INFO]   [ASURB_MX] Descargando desde 2026-05-16 → ASURB.MX
2026-05-18 14:38:39,049 [INFO]   [ASURB_MX] +1 filas nuevas ✓
2026-05-18 14:38:39,850 [INFO]   [BBAJIOO_MX] Descargando desde 2026-05-16 → BBAJIOO.MX
2026-05-18 14:38:39,957 [INFO]   [BBAJIOO_MX] +1 filas nuevas ✓
2026-05-18 14:38:40,757 [INFO]   [BIMBOA_MX] Descargando desde 2026-05-16 → BIMBOA.MX
2026-05-18 14:38:40,927 [INFO]   [BIMBOA_MX] +1 filas nuevas ✓
2026-05-18 14:38:41,727 [INFO]   [BOLSAA_MX] Descargando desde 2026-05-16 → BOLSAA.MX
2026-05-18 14:38:41,867 [INFO]   [BOLSAA_MX] +1 filas nuevas ✓
2026-05-18 14:38:42,668 [INFO]   [CEMEXCPO_MX] Descargando desde 2026-05-16 → CEMEXCPO.MX
2026-05-18 14:38:42,826 [INFO]   [CEMEXCPO_MX] +1 filas nuevas ✓
2026-05-18 14:38:43,626 [INFO]   [CUERVO_MX] Descargando desde 2026-05-16 → CUERVO.MX
2026-05-18 14:38:43,783 [INFO]   [CUERVO_MX] +1 filas nuevas ✓
2026-05-18 14:38:44,583 [INFO]   [ELEKTRA_MX] Descargando desde 2026-04-28 → ELEKTRA.MX
2026-05-18 14:38:44,885 [ERROR] HTTP Error 404: {"quoteSummary":{"result":null,"error":{"code":"Not Found","description":"Quote not found for symbol: ELEKTRA.MX"}}}
2026-05-18 14:38:44,979 [ERROR] $ELEKTRA.MX: possibly delisted; no timezone found
2026-05-18 14:38:44,980 [WARNING]   [ELEKTRA_MX] Sin datos nuevos
2026-05-18 14:38:45,780 [INFO]   [FEMSAUBD_MX] Descargando desde 2026-05-16 → FEMSAUBD.MX
2026-05-18 14:38:45,959 [INFO]   [FEMSAUBD_MX] +1 filas nuevas ✓
2026-05-18 14:38:46,759 [INFO]   [GAPB_MX] Descargando desde 2026-05-16 → GAPB.MX
2026-05-18 14:38:46,962 [INFO]   [GAPB_MX] +1 filas nuevas ✓
2026-05-18 14:38:47,762 [INFO]   [GCARSOA1_MX] Descargando desde 2026-05-16 → GCARSOA1.MX
2026-05-18 14:38:47,937 [INFO]   [GCARSOA1_MX] +1 filas nuevas ✓
2026-05-18 14:38:48,737 [INFO]   [GCC_MX] Descargando desde 2026-05-16 → GCC.MX
2026-05-18 14:38:48,908 [INFO]   [GCC_MX] +1 filas nuevas ✓
2026-05-18 14:38:49,708 [INFO]   [GFINBURO_MX] Descargando desde 2026-05-16 → GFINBURO.MX
2026-05-18 14:38:49,848 [INFO]   [GFINBURO_MX] +1 filas nuevas ✓
2026-05-18 14:38:50,649 [INFO]   [GFNORTEO_MX] Descargando desde 2026-05-16 → GFNORTEO.MX
2026-05-18 14:38:50,826 [INFO]   [GFNORTEO_MX] +1 filas nuevas ✓
2026-05-18 14:38:51,626 [INFO]   [GMEXICOB_MX] Descargando desde 2026-05-16 → GMEXICOB.MX
2026-05-18 14:38:51,778 [INFO]   [GMEXICOB_MX] +1 filas nuevas ✓
2026-05-18 14:38:52,578 [INFO]   [GRUMAB_MX] Descargando desde 2026-05-16 → GRUMAB.MX
2026-05-18 14:38:52,743 [INFO]   [GRUMAB_MX] +1 filas nuevas ✓
2026-05-18 14:38:53,543 [INFO]   [KIMBERA_MX] Descargando desde 2026-05-16 → KIMBERA.MX
2026-05-18 14:38:53,771 [INFO]   [KIMBERA_MX] +1 filas nuevas ✓
2026-05-18 14:38:54,571 [INFO]   [KOFUBL_MX] Descargando desde 2026-05-16 → KOFUBL.MX
2026-05-18 14:38:54,703 [INFO]   [KOFUBL_MX] +1 filas nuevas ✓
2026-05-18 14:38:55,503 [INFO]   [LABB_MX] Descargando desde 2026-05-16 → LABB.MX
2026-05-18 14:38:55,625 [INFO]   [LABB_MX] +1 filas nuevas ✓
2026-05-18 14:38:56,425 [INFO]   [LIVEPOLC-1_MX] Descargando desde 2026-05-16 → LIVEPOLC-1.MX
2026-05-18 14:38:56,583 [INFO]   [LIVEPOLC-1_MX] +1 filas nuevas ✓
2026-05-18 14:38:57,383 [INFO]   [MEGACPO_MX] Descargando desde 2026-05-16 → MEGACPO.MX
2026-05-18 14:38:57,521 [INFO]   [MEGACPO_MX] +1 filas nuevas ✓
2026-05-18 14:38:58,322 [INFO]   [OMAB_MX] Descargando desde 2026-05-16 → OMAB.MX
2026-05-18 14:38:58,458 [INFO]   [OMAB_MX] +1 filas nuevas ✓
2026-05-18 14:38:59,258 [INFO]   [ORBIA_MX] Descargando desde 2026-05-16 → ORBIA.MX
2026-05-18 14:38:59,423 [INFO]   [ORBIA_MX] +1 filas nuevas ✓
2026-05-18 14:39:00,223 [INFO]   [PE&OLES_MX] Descargando desde 2026-05-16 → PE&OLES.MX
2026-05-18 14:39:00,383 [INFO]   [PE&OLES_MX] +1 filas nuevas ✓
2026-05-18 14:39:01,183 [INFO]   [PINFRAL_MX] Descargando desde 2026-05-16 → PINFRAL.MX
2026-05-18 14:39:01,377 [INFO]   [PINFRAL_MX] +1 filas nuevas ✓
2026-05-18 14:39:02,177 [INFO]   [Q_MX] Descargando desde 2026-05-16 → Q.MX
2026-05-18 14:39:02,294 [INFO]   [Q_MX] +1 filas nuevas ✓
2026-05-18 14:39:03,094 [INFO]   [RA_MX] Descargando desde 2026-05-16 → RA.MX
2026-05-18 14:39:03,223 [INFO]   [RA_MX] +1 filas nuevas ✓
2026-05-18 14:39:04,024 [INFO]   [TLEVISACPO_MX] Descargando desde 2026-05-16 → TLEVISACPO.MX
2026-05-18 14:39:04,196 [INFO]   [TLEVISACPO_MX] +1 filas nuevas ✓
2026-05-18 14:39:04,997 [INFO]   [VESTA_MX] Descargando desde 2026-05-16 → VESTA.MX
2026-05-18 14:39:05,126 [INFO]   [VESTA_MX] +1 filas nuevas ✓
2026-05-18 14:39:05,927 [INFO]   [VOLARA_MX] Descargando desde 2026-05-16 → VOLARA.MX
2026-05-18 14:39:06,019 [INFO]   [VOLARA_MX] +1 filas nuevas ✓
2026-05-18 14:39:06,819 [INFO]   [WALMEX_MX] Descargando desde 2026-05-16 → WALMEX.MX
2026-05-18 14:39:06,953 [INFO]   [WALMEX_MX] +1 filas nuevas ✓
2026-05-18 14:39:08,558 [INFO] 
✅ CSV actualizado: datos/market_prices.csv  (180,817 filas totales, +33 nuevas)
2026-05-18 14:39:08,560 [INFO] 
── Resumen ──────────────────────────────────────
2026-05-18 14:39:08,560 [INFO]   Tickers actualizados: 33
2026-05-18 14:39:08,560 [INFO]   Tickers sin cambios:  0
2026-05-18 14:39:08,560 [INFO]   Tickers con error:    1
2026-05-18 14:39:08,560 [INFO]   Filas nuevas totales: 33
2026-05-18 14:39:08,560 [INFO] ──────────────────────────────────────────────────
